team_id,team,win_pct,off_rtg,def_rtg,net_rtg,pace,efg_pct,ts_pct,tov_pct,orb_pct,drb_pct,is_champion,season_end
1610612737,Atlanta Hawks,0.305,96.9,102.4,-5.5,93.63,0.456,0.5,0.178,0.313,0.691,0,2001
1610612738,Boston Celtics,0.439,100.1,102.3,-2.2,93.81,0.473,0.521,0.166,0.28,0.69,0,2001
1610612766,Charlotte Hornets,0.561,99.7,97.6,2.1,91.24,0.457,0.506,0.156,0.315,0.71,0,2001
1610612741,Chicago Bulls,0.183,95.9,105.9,-10,90.47,0.45,0.495,0.173,0.302,0.673,0,2001
1610612739,Cleveland Cavaliers,0.366,99.3,103.5,-4.2,92.32,0.459,0.509,0.177,0.331,0.678,0,2001
1610612742,Dallas Mavericks,0.646,105.6,101.2,4.4,94.52,0.498,0.544,0.146,0.272,0.678,0,2001
1610612743,Denver Nuggets,0.488,102.2,104.9,-2.8,93.98,0.47,0.511,0.147,0.306,0.69,0,2001
1610612765,Detroit Pistons,0.39,98.5,100.3,-1.8,96.15,0.453,0.498,0.164,0.325,0.691,0,2001
1610612744,Golden State Warriors,0.207,96.3,105.5,-9.2,95.7,0.429,0.47,0.165,0.357,0.68,0,2001
1610612745,Houston Rockets,0.549,105.2,102.8,2.4,91.66,0.492,0.538,0.159,0.305,0.691,0,2001
1610612754,Indiana Pacers,0.5,100.3,100.5,-0.2,90.89,0.471,0.519,0.164,0.297,0.685,0,2001
1610612746,Los Angeles Clippers,0.378,100.3,103.2,-2.9,90.67,0.476,0.514,0.171,0.322,0.682,0,2001
1610612747,Los Angeles Lakers,0.683,107,103.6,3.5,92.9,0.498,0.535,0.154,0.338,0.691,1,2001
1610612748,Miami Heat,0.61,99.4,97.1,2.3,88.39,0.469,0.515,0.153,0.28,0.7,0,2001
1610612749,Milwaukee Bucks,0.634,106.8,102.6,4.2,93.89,0.499,0.542,0.145,0.301,0.683,0,2001
1610612750,Minnesota Timberwolves,0.573,103.9,102.4,1.6,92.99,0.482,0.523,0.148,0.315,0.682,0,2001
1610612751,New Jersey Nets,0.317,98.4,103.8,-5.4,93.35,0.452,0.504,0.157,0.292,0.673,0,2001
1610612752,New York Knicks,0.585,100,97,3,87.74,0.476,0.523,0.163,0.276,0.707,0,2001
1610612753,Orlando Magic,0.524,102.1,101.1,1,94.14,0.474,0.513,0.159,0.321,0.662,0,2001
1610612755,Philadelphia 76ers,0.683,101.9,97.3,4.6,92.09,0.468,0.518,0.17,0.334,0.704,0,2001
1610612756,Phoenix Suns,0.622,98.9,96.7,2.3,94.41,0.46,0.506,0.161,0.305,0.702,0,2001
1610612757,Portland Trail Blazers,0.61,104.7,100.5,4.2,90.53,0.497,0.539,0.168,0.333,0.7,0,2001
1610612758,Sacramento Kings,0.671,104.2,98.5,5.7,95.61,0.484,0.529,0.152,0.307,0.679,0,2001
1610612759,San Antonio Spurs,0.707,105,96.6,8.3,90.87,0.496,0.541,0.152,0.297,0.703,0,2001
1610612760,Seattle SuperSonics,0.537,104.4,104.2,0.2,92.69,0.491,0.53,0.164,0.321,0.668,0,2001
1610612761,Toronto Raptors,0.573,104.4,102,2.3,92.22,0.468,0.51,0.141,0.339,0.7,0,2001
1610612762,Utah Jazz,0.646,106.1,100.9,5.2,91.08,0.497,0.546,0.173,0.332,0.701,0,2001
1610612763,Vancouver Grizzlies,0.28,98.2,104.2,-6,93.03,0.464,0.51,0.168,0.293,0.675,0,2001
1610612764,Washington Wizards,0.232,99.4,106.2,-6.8,93.97,0.46,0.514,0.181,0.328,0.684,0,2001
1610612737,Atlanta Hawks,0.402,100.4,104.8,-4.4,93.21,0.471,0.517,0.166,0.297,0.689,0,2002
1610612738,Boston Celtics,0.598,102.1,99.9,2.2,93.6,0.476,0.52,0.144,0.272,0.695,0,2002
1610612766,Charlotte Hornets,0.537,102.9,101.8,1.2,90.93,0.466,0.513,0.154,0.333,0.689,0,2002
1610612741,Chicago Bulls,0.256,97.2,106.2,-9.1,91.56,0.456,0.499,0.166,0.298,0.685,0,2002
1610612739,Cleveland Cavaliers,0.354,103.4,107,-3.6,91.31,0.477,0.524,0.158,0.319,0.69,0,2002
1610612742,Dallas Mavericks,0.695,110.3,106,4.3,94.36,0.507,0.553,0.127,0.285,0.683,0,2002
1610612743,Denver Nuggets,0.329,100.3,106.6,-6.3,91.35,0.455,0.495,0.16,0.341,0.668,0,2002
1610612765,Detroit Pistons,0.61,103.2,100.9,2.3,91.38,0.497,0.54,0.159,0.277,0.676,0,2002
1610612744,Golden State Warriors,0.256,101.5,107.1,-5.6,95.75,0.452,0.499,0.175,0.373,0.669,0,2002
1610612745,Houston Rockets,0.341,101.6,106.9,-5.4,89.56,0.465,0.507,0.155,0.327,0.675,0,2002
1610612754,Indiana Pacers,0.512,102.8,102.4,0.4,93.13,0.477,0.527,0.162,0.302,0.686,0,2002
1610612746,Los Angeles Clippers,0.476,104.3,104.7,-0.4,91.21,0.476,0.519,0.161,0.349,0.673,0,2002
1610612747,Los Angeles Lakers,0.707,108,100.4,7.6,93.32,0.498,0.534,0.135,0.311,0.686,1,2002
1610612763,Memphis Grizzlies,0.28,96.6,104.7,-8,92.55,0.462,0.501,0.176,0.305,0.663,0,2002
1610612748,Miami Heat,0.439,97.3,99,-1.7,88.47,0.463,0.501,0.166,0.297,0.71,0,2002
1610612749,Milwaukee Bucks,0.5,105.3,105.6,-0.3,91.51,0.507,0.544,0.152,0.287,0.679,0,2002
1610612750,Minnesota Timberwolves,0.61,107.5,104.1,3.4,91.72,0.49,0.532,0.145,0.343,0.703,0,2002
1610612751,New Jersey Nets,0.634,102.4,98.1,4.3,93.2,0.476,0.515,0.154,0.322,0.683,0,2002
1610612752,New York Knicks,0.366,100.4,104.6,-4.2,90.78,0.468,0.514,0.159,0.292,0.684,0,2002
1610612753,Orlando Magic,0.537,105.6,104.1,1.5,94.4,0.493,0.533,0.143,0.292,0.665,0,2002
1610612755,Philadelphia 76ers,0.524,100.5,98.7,1.8,90.32,0.452,0.507,0.169,0.341,0.702,0,2002
1610612756,Phoenix Suns,0.439,101.8,102.6,-0.7,92.74,0.472,0.51,0.157,0.327,0.672,0,2002
1610612757,Portland Trail Blazers,0.598,105.9,102.6,3.3,90.55,0.485,0.528,0.157,0.345,0.703,0,2002
1610612758,Sacramento Kings,0.744,107.9,99.7,8.1,96.74,0.497,0.539,0.142,0.306,0.69,0,2002
1610612759,San Antonio Spurs,0.707,105.4,98.5,6.9,91.06,0.492,0.539,0.157,0.301,0.685,0,2002
1610612760,Seattle SuperSonics,0.549,107.3,104.1,3.3,90.35,0.505,0.54,0.151,0.32,0.656,0,2002
1610612761,Toronto Raptors,0.512,101.1,101.7,-0.6,90.02,0.463,0.501,0.158,0.343,0.671,0,2002
1610612762,Utah Jazz,0.537,103.8,102.9,0.9,91.75,0.472,0.529,0.178,0.362,0.683,0,2002
1610612764,Washington Wizards,0.451,102.9,104.5,-1.6,89.93,0.464,0.508,0.144,0.328,0.685,0,2002
1610612737,Atlanta Hawks,0.427,100.4,104.2,-3.8,92.63,0.476,0.527,0.178,0.3,0.681,0,2003
1610612738,Boston Celtics,0.537,100,100.5,-0.6,91.95,0.47,0.514,0.151,0.266,0.691,0,2003
1610612741,Chicago Bulls,0.366,99.1,104.2,-5.1,94.76,0.471,0.512,0.177,0.307,0.672,0,2003
1610612739,Cleveland Cavaliers,0.207,95.2,105.1,-9.9,95.32,0.444,0.491,0.191,0.338,0.697,0,2003
1610612742,Dallas Mavericks,0.732,109.3,101,8.3,93.75,0.498,0.543,0.123,0.277,0.677,0,2003
1610612743,Denver Nuggets,0.207,91.2,100.1,-8.9,92.11,0.428,0.469,0.2,0.345,0.697,0,2003
1610612765,Detroit Pistons,0.61,102.4,98.2,4.2,88.26,0.473,0.523,0.151,0.294,0.707,0,2003
1610612744,Golden State Warriors,0.463,106.4,107.7,-1.3,95.88,0.472,0.526,0.164,0.371,0.663,0,2003
1610612745,Houston Rockets,0.524,102.4,100.9,1.5,90.36,0.474,0.522,0.17,0.331,0.698,0,2003
1610612754,Indiana Pacers,0.585,103.2,99.6,3.5,92.71,0.469,0.522,0.157,0.318,0.694,0,2003
1610612746,Los Angeles Clippers,0.329,101.1,105.1,-4,92.68,0.467,0.516,0.17,0.316,0.673,0,2003
1610612747,Los Angeles Lakers,0.61,105.6,103.4,2.2,93.78,0.486,0.528,0.153,0.328,0.693,0,2003
1610612763,Memphis Grizzlies,0.341,102.3,105.9,-3.5,94.03,0.487,0.526,0.162,0.301,0.659,0,2003
1610612748,Miami Heat,0.305,95.4,101.2,-5.8,88.93,0.439,0.483,0.159,0.306,0.709,0,2003
1610612749,Milwaukee Bucks,0.512,107.2,106.9,0.3,91.76,0.5,0.543,0.137,0.287,0.666,0,2003
1610612750,Minnesota Timberwolves,0.622,104.8,102.5,2.2,93.08,0.488,0.528,0.146,0.31,0.695,0,2003
1610612751,New Jersey Nets,0.598,102.1,96.6,5.4,93,0.468,0.518,0.158,0.317,0.702,0,2003
1610612740,New Orleans Hornets,0.573,102.4,100,2.4,90.72,0.465,0.511,0.161,0.345,0.697,0,2003
1610612752,New York Knicks,0.451,103.3,104.6,-1.3,92.06,0.486,0.528,0.151,0.28,0.689,0,2003
1610612753,Orlando Magic,0.512,103.7,103.7,0,94.33,0.478,0.526,0.151,0.3,0.68,0,2003
1610612755,Philadelphia 76ers,0.585,103.2,100.6,2.6,93.07,0.466,0.52,0.158,0.324,0.704,0,2003
1610612756,Phoenix Suns,0.537,102.6,101.3,1.3,92.59,0.473,0.514,0.158,0.323,0.672,0,2003
1610612757,Portland Trail Blazers,0.61,104.2,101.5,2.7,90.44,0.489,0.531,0.167,0.338,0.689,0,2003
1610612758,Sacramento Kings,0.72,104.4,97.8,6.6,96.63,0.499,0.535,0.149,0.289,0.678,0,2003
1610612759,San Antonio Spurs,0.732,103.9,98.1,5.8,91.46,0.497,0.541,0.171,0.311,0.687,1,2003
1610612760,Seattle SuperSonics,0.488,102.4,102.6,-0.2,89.17,0.472,0.512,0.147,0.314,0.688,0,2003
1610612761,Toronto Raptors,0.293,99.3,105.6,-6.3,91.01,0.458,0.497,0.157,0.318,0.678,0,2003
1610612762,Utah Jazz,0.573,103.7,101.1,2.6,90.78,0.486,0.537,0.184,0.353,0.673,0,2003
1610612764,Washington Wizards,0.451,101.5,102.6,-1.1,89.46,0.46,0.513,0.148,0.305,0.686,0,2003
1610612737,Atlanta Hawks,0.341,99.1,103.9,-4.8,92.68,0.465,0.514,0.176,0.308,0.686,0,2004
1610612738,Boston Celtics,0.439,100.7,102.2,-1.5,94.47,0.486,0.532,0.172,0.279,0.658,0,2004
1610612741,Chicago Bulls,0.28,95.6,102.1,-6.5,93.23,0.446,0.486,0.172,0.311,0.679,0,2004
1610612739,Cleveland Cavaliers,0.427,100.6,103.1,-2.6,91.71,0.451,0.498,0.16,0.34,0.688,0,2004
1610612742,Dallas Mavericks,0.634,110.4,105.9,4.5,94.62,0.495,0.536,0.128,0.335,0.686,0,2004
1610612743,Denver Nuggets,0.524,102.4,101.4,1,94.64,0.467,0.517,0.164,0.337,0.664,0,2004
1610612765,Detroit Pistons,0.659,100.3,93.9,6.5,89.34,0.461,0.511,0.168,0.332,0.686,1,2004
1610612744,Golden State Warriors,0.451,101.5,102.6,-1.1,90.95,0.475,0.517,0.161,0.312,0.694,0,2004
1610612745,Houston Rockets,0.549,99.7,97.8,1.9,88.92,0.484,0.528,0.186,0.305,0.708,0,2004
1610612754,Indiana Pacers,0.744,102.5,96.2,6.3,88.54,0.471,0.52,0.162,0.32,0.706,0,2004
1610612746,Los Angeles Clippers,0.341,101.9,106.6,-4.7,92.49,0.453,0.512,0.176,0.362,0.677,0,2004
1610612747,Los Angeles Lakers,0.683,104.2,100.1,4.1,93.39,0.481,0.522,0.146,0.313,0.701,0,2004
1610612763,Memphis Grizzlies,0.61,103.4,100.8,2.6,92.6,0.479,0.522,0.16,0.325,0.655,0,2004
1610612748,Miami Heat,0.512,100.6,100.3,0.3,89.3,0.463,0.51,0.154,0.307,0.707,0,2004
1610612749,Milwaukee Bucks,0.5,104.6,103.5,1.1,93.2,0.477,0.528,0.144,0.308,0.69,0,2004
1610612750,Minnesota Timberwolves,0.707,104.2,98.5,5.7,90.24,0.486,0.528,0.14,0.303,0.691,0,2004
1610612751,New Jersey Nets,0.573,99,96.4,2.6,90.97,0.471,0.515,0.162,0.289,0.711,0,2004
1610612740,New Orleans Hornets,0.5,100.7,100.6,0.1,90.59,0.46,0.505,0.164,0.332,0.681,0,2004
1610612752,New York Knicks,0.476,99.7,101.3,-1.6,91.29,0.474,0.518,0.17,0.307,0.701,0,2004
1610612753,Orlando Magic,0.256,101.4,108.8,-7.4,92.14,0.461,0.504,0.148,0.315,0.657,0,2004
1610612755,Philadelphia 76ers,0.402,97.8,100.4,-2.6,89.26,0.456,0.505,0.177,0.313,0.681,0,2004
1610612756,Phoenix Suns,0.354,100.3,104.2,-3.8,93.72,0.475,0.515,0.162,0.297,0.661,0,2004
1610612757,Portland Trail Blazers,0.5,102.1,103.5,-1.5,87.54,0.478,0.515,0.166,0.344,0.67,0,2004
1610612758,Sacramento Kings,0.671,108.6,103.2,5.4,94.25,0.507,0.554,0.146,0.292,0.676,0,2004
1610612759,San Antonio Spurs,0.695,101,93.1,7.9,90.23,0.473,0.511,0.162,0.319,0.71,0,2004
1610612760,Seattle SuperSonics,0.451,105.6,106.4,-0.8,91.34,0.501,0.54,0.158,0.302,0.655,0,2004
1610612761,Toronto Raptors,0.402,95.3,98.8,-3.4,88.24,0.454,0.495,0.159,0.27,0.673,0,2004
1610612762,Utah Jazz,0.512,100,101.3,-1.3,88.26,0.456,0.509,0.188,0.373,0.691,0,2004
1610612764,Washington Wizards,0.305,97.2,102.9,-5.7,93.9,0.454,0.5,0.186,0.333,0.667,0,2004
1610612737,Atlanta Hawks,0.159,98.8,109,-10.2,93.09,0.464,0.504,0.171,0.326,0.696,0,2005
1610612738,Boston Celtics,0.549,105.9,105.1,0.8,94.61,0.501,0.551,0.165,0.305,0.671,0,2005
1610612766,Charlotte Bobcats,0.22,99.8,106,-6.2,93.54,0.455,0.497,0.154,0.327,0.676,0,2005
1610612741,Chicago Bulls,0.573,100.5,99.1,1.4,93.41,0.471,0.517,0.178,0.317,0.691,0,2005
1610612739,Cleveland Cavaliers,0.512,105.3,104.7,0.6,90.72,0.47,0.518,0.152,0.354,0.674,0,2005
1610612742,Dallas Mavericks,0.707,108.5,102.6,5.9,94.18,0.492,0.545,0.142,0.319,0.674,0,2005
1610612743,Denver Nuggets,0.598,104.7,102.6,2.2,94.68,0.483,0.535,0.157,0.313,0.678,0,2005
1610612765,Detroit Pistons,0.659,103.9,99.6,4.3,88.59,0.472,0.519,0.154,0.34,0.693,0,2005
1610612744,Golden State Warriors,0.415,103.4,105.5,-2.2,94.45,0.475,0.512,0.142,0.303,0.666,0,2005
1610612745,Houston Rockets,0.622,104.4,100.1,4.3,90.18,0.486,0.534,0.152,0.301,0.713,0,2005
1610612754,Indiana Pacers,0.537,103.7,102.7,1,88.71,0.476,0.534,0.16,0.296,0.687,0,2005
1610612746,Los Angeles Clippers,0.451,103.8,104.5,-0.8,90.66,0.477,0.533,0.171,0.338,0.687,0,2005
1610612747,Los Angeles Lakers,0.415,106.4,109.6,-3.2,92.34,0.485,0.535,0.155,0.324,0.68,0,2005
1610612763,Memphis Grizzlies,0.549,104.2,101.5,2.7,89.65,0.489,0.535,0.163,0.308,0.663,0,2005
1610612748,Miami Heat,0.72,108.9,102.2,6.7,91.73,0.524,0.559,0.147,0.297,0.698,0,2005
1610612749,Milwaukee Bucks,0.366,105.1,108.1,-3,92.14,0.475,0.527,0.149,0.322,0.687,0,2005
1610612750,Minnesota Timberwolves,0.537,106.6,105,1.6,90.39,0.489,0.534,0.145,0.321,0.682,0,2005
1610612751,New Jersey Nets,0.512,99.9,101.6,-1.7,90.41,0.463,0.512,0.155,0.298,0.701,0,2005
1610612740,New Orleans Hornets,0.22,98.2,105.9,-7.7,88.97,0.446,0.493,0.165,0.329,0.675,0,2005
1610612752,New York Knicks,0.402,104.5,107.2,-2.7,92.12,0.485,0.531,0.158,0.316,0.686,0,2005
1610612753,Orlando Magic,0.439,103.4,105.7,-2.3,96.15,0.478,0.529,0.168,0.328,0.682,0,2005
1610612755,Philadelphia 76ers,0.524,101.8,102.5,-0.7,96.56,0.475,0.528,0.16,0.281,0.703,0,2005
1610612756,Phoenix Suns,0.756,112.7,105.7,7,97.35,0.534,0.571,0.14,0.304,0.656,0,2005
1610612757,Portland Trail Blazers,0.329,101.9,106.1,-4.3,91.05,0.484,0.524,0.175,0.331,0.65,0,2005
1610612758,Sacramento Kings,0.61,108.8,106.5,2.3,94.52,0.496,0.541,0.137,0.315,0.667,0,2005
1610612759,San Antonio Spurs,0.72,106.1,97.8,8.3,89.96,0.492,0.534,0.151,0.321,0.697,1,2005
1610612760,Seattle SuperSonics,0.634,110.3,108,2.3,89.24,0.495,0.546,0.151,0.357,0.681,0,2005
1610612761,Toronto Raptors,0.402,105.4,107.2,-1.8,94.01,0.492,0.539,0.14,0.269,0.682,0,2005
1610612762,Utah Jazz,0.317,102.9,107.3,-4.4,90.02,0.469,0.522,0.174,0.351,0.695,0,2005
1610612764,Washington Wizards,0.549,105.4,105.9,-0.4,94.8,0.474,0.523,0.15,0.338,0.667,0,2005
1610612737,Atlanta Hawks,0.317,104.8,110.1,-5.3,91.75,0.486,0.534,0.169,0.334,0.667,0,2006
1610612738,Boston Celtics,0.402,104,105.6,-1.5,93.27,0.504,0.551,0.176,0.289,0.694,0,2006
1610612766,Charlotte Bobcats,0.317,101.2,105.6,-4.4,94.57,0.464,0.509,0.149,0.305,0.678,0,2006
1610612741,Chicago Bulls,0.5,103.3,102.7,0.7,93.59,0.487,0.527,0.158,0.303,0.703,0,2006
1610612739,Cleveland Cavaliers,0.61,106.6,104.4,2.1,90.77,0.492,0.538,0.151,0.313,0.717,0,2006
1610612742,Dallas Mavericks,0.732,109.9,103.2,6.7,89.3,0.495,0.55,0.15,0.347,0.69,0,2006
1610612743,Denver Nuggets,0.537,104.4,104.1,0.3,94.9,0.488,0.535,0.154,0.3,0.682,0,2006
1610612765,Detroit Pistons,0.78,109.3,101.7,7.6,87.98,0.497,0.535,0.128,0.317,0.68,0,2006
1610612744,Golden State Warriors,0.415,103.5,104.9,-1.4,94.43,0.479,0.521,0.148,0.296,0.686,0,2006
1610612745,Houston Rockets,0.415,100.4,102.1,-1.7,89.07,0.471,0.519,0.162,0.291,0.705,0,2006
1610612754,Indiana Pacers,0.5,103.1,101,2,90.85,0.487,0.533,0.168,0.304,0.699,0,2006
1610612746,Los Angeles Clippers,0.573,103.8,102.2,1.6,92.99,0.487,0.54,0.154,0.286,0.719,0,2006
1610612747,Los Angeles Lakers,0.549,106.8,104.2,2.6,92.22,0.495,0.539,0.15,0.316,0.701,0,2006
1610612763,Memphis Grizzlies,0.598,104.5,100.4,4.1,87.39,0.496,0.537,0.157,0.298,0.69,0,2006
1610612748,Miami Heat,0.634,107.5,103.4,4.1,92.56,0.517,0.556,0.156,0.297,0.726,1,2006
1610612749,Milwaukee Bucks,0.488,104.9,105.9,-1,92.45,0.492,0.535,0.157,0.309,0.713,0,2006
1610612750,Minnesota Timberwolves,0.402,101.5,103.5,-2,89.58,0.48,0.524,0.16,0.296,0.673,0,2006
1610612751,New Jersey Nets,0.598,102.4,100.9,1.5,91.17,0.478,0.528,0.149,0.274,0.73,0,2006
1610612740,New Orleans/Oklahoma City Hornets,0.463,102.3,105.1,-2.8,90.32,0.464,0.515,0.147,0.297,0.709,0,2006
1610612752,New York Knicks,0.28,102.7,109.3,-6.6,92.03,0.481,0.534,0.19,0.342,0.697,0,2006
1610612753,Orlando Magic,0.439,105.3,106.6,-1.3,89.12,0.496,0.543,0.168,0.33,0.691,0,2006
1610612755,Philadelphia 76ers,0.463,104.7,106.5,-1.8,93.91,0.487,0.538,0.149,0.285,0.676,0,2006
1610612756,Phoenix Suns,0.659,110.2,104.7,5.4,96.92,0.537,0.568,0.135,0.256,0.69,0,2006
1610612757,Portland Trail Blazers,0.256,99.7,110.3,-10.7,88.88,0.474,0.511,0.165,0.308,0.657,0,2006
1610612758,Sacramento Kings,0.537,105.3,103.5,1.8,93.26,0.492,0.544,0.156,0.289,0.694,0,2006
1610612759,San Antonio Spurs,0.768,106.2,98.7,7.5,89.41,0.513,0.546,0.153,0.289,0.708,0,2006
1610612760,Seattle SuperSonics,0.427,109.4,112.7,-3.3,93.04,0.504,0.551,0.157,0.34,0.659,0,2006
1610612761,Toronto Raptors,0.329,107.9,111.2,-3.2,92.33,0.5,0.548,0.139,0.286,0.697,0,2006
1610612762,Utah Jazz,0.5,102.4,105.1,-2.7,89.4,0.467,0.519,0.174,0.356,0.702,0,2006
1610612764,Washington Wizards,0.512,107.7,105.8,1.9,93.68,0.484,0.538,0.148,0.329,0.679,0,2006
1610612737,Atlanta Hawks,0.366,102,107,-5.1,90.98,0.471,0.523,0.173,0.328,0.676,0,2007
1610612738,Boston Celtics,0.293,102.3,105.8,-3.5,92.91,0.479,0.53,0.176,0.309,0.705,0,2007
1610612766,Charlotte Bobcats,0.402,102.4,106.3,-3.9,93.11,0.48,0.524,0.158,0.299,0.682,0,2007
1610612741,Chicago Bulls,0.598,104,98.8,5.2,94.47,0.493,0.534,0.168,0.319,0.707,0,2007
1610612739,Cleveland Cavaliers,0.61,104.4,100.6,3.8,91.59,0.484,0.522,0.155,0.327,0.721,0,2007
1610612742,Dallas Mavericks,0.817,109.7,102.1,7.6,90.68,0.509,0.559,0.152,0.32,0.719,0,2007
1610612743,Denver Nuggets,0.549,106.7,105.1,1.7,98.2,0.501,0.548,0.167,0.322,0.678,0,2007
1610612765,Detroit Pistons,0.646,107.4,102.6,4.8,88.56,0.488,0.535,0.137,0.307,0.678,0,2007
1610612744,Golden State Warriors,0.512,106.2,106.5,-0.3,99.97,0.512,0.548,0.159,0.285,0.662,0,2007
1610612745,Houston Rockets,0.634,104.7,99.7,4.9,91.7,0.499,0.54,0.153,0.287,0.725,0,2007
1610612754,Indiana Pacers,0.427,101.9,104.4,-2.5,93.43,0.474,0.523,0.173,0.321,0.694,0,2007
1610612746,Los Angeles Clippers,0.488,103.8,104.2,-0.4,91.92,0.481,0.537,0.164,0.307,0.712,0,2007
1610612747,Los Angeles Lakers,0.512,107.3,107.5,-0.2,94.58,0.511,0.554,0.161,0.3,0.69,0,2007
1610612763,Memphis Grizzlies,0.268,105.7,110.9,-5.2,94.77,0.504,0.555,0.17,0.291,0.682,0,2007
1610612748,Miami Heat,0.537,103.4,104.6,-1.2,90.61,0.506,0.541,0.16,0.279,0.693,0,2007
1610612749,Milwaukee Bucks,0.341,106,110.3,-4.3,93.33,0.504,0.541,0.161,0.306,0.657,0,2007
1610612750,Minnesota Timberwolves,0.39,102.4,106.5,-4,92.19,0.49,0.537,0.166,0.292,0.698,0,2007
1610612751,New Jersey Nets,0.5,104.2,105.1,-0.9,92.69,0.504,0.546,0.158,0.275,0.714,0,2007
1610612740,New Orleans/Oklahoma City Hornets,0.476,103.7,105.4,-1.6,91.19,0.479,0.52,0.157,0.318,0.719,0,2007
1610612752,New York Knicks,0.402,104.3,107.4,-3.1,91.89,0.494,0.539,0.183,0.337,0.714,0,2007
1610612753,Orlando Magic,0.488,104.1,103.3,0.8,90.54,0.5,0.544,0.186,0.333,0.697,0,2007
1610612755,Philadelphia 76ers,0.427,102.4,105.6,-3.2,91.84,0.48,0.53,0.165,0.306,0.678,0,2007
1610612756,Phoenix Suns,0.744,112.9,105.5,7.4,96.45,0.551,0.59,0.149,0.262,0.683,0,2007
1610612757,Portland Trail Blazers,0.39,103.8,108.6,-4.8,89.36,0.483,0.53,0.166,0.326,0.697,0,2007
1610612758,Sacramento Kings,0.402,105.1,106.7,-1.6,95.83,0.491,0.545,0.151,0.267,0.692,0,2007
1610612759,San Antonio Spurs,0.707,108.6,99.4,9.2,90.22,0.521,0.561,0.153,0.279,0.715,1,2007
1610612760,Seattle SuperSonics,0.378,105.9,108.9,-3,92.92,0.499,0.544,0.165,0.312,0.676,0,2007
1610612761,Toronto Raptors,0.573,105.7,104.4,1.2,93.86,0.504,0.55,0.143,0.25,0.711,0,2007
1610612762,Utah Jazz,0.622,108.6,105.6,3,92.81,0.502,0.551,0.167,0.352,0.721,0,2007
1610612764,Washington Wizards,0.5,108.7,109.1,-0.4,95.33,0.491,0.542,0.144,0.312,0.678,0,2007
1610612737,Atlanta Hawks,0.451,105.5,107.3,-1.8,92.35,0.483,0.535,0.16,0.329,0.682,0,2008
1610612738,Boston Celtics,0.805,108.8,98.1,10.8,91.88,0.522,0.569,0.164,0.306,0.707,1,2008
1610612766,Charlotte Bobcats,0.39,103.7,108.2,-4.5,92.75,0.492,0.532,0.157,0.294,0.674,0,2008
1610612741,Chicago Bulls,0.402,102.9,106,-3.1,94.04,0.47,0.515,0.154,0.325,0.687,0,2008
1610612739,Cleveland Cavaliers,0.549,104.8,105.4,-0.6,91.06,0.48,0.52,0.152,0.334,0.715,0,2008
1610612742,Dallas Mavericks,0.622,109.5,104.7,4.8,91.38,0.502,0.554,0.138,0.3,0.716,0,2008
1610612743,Denver Nuggets,0.61,108.9,105.5,3.4,100.58,0.51,0.557,0.144,0.292,0.686,0,2008
1610612765,Detroit Pistons,0.72,109.8,101.5,8.3,88.54,0.495,0.539,0.131,0.327,0.7,0,2008
1610612744,Golden State Warriors,0.585,110.4,108.5,1.9,99.96,0.511,0.548,0.131,0.301,0.672,0,2008
1610612745,Houston Rockets,0.671,105.4,100.5,4.8,91.42,0.492,0.528,0.15,0.323,0.711,0,2008
1610612754,Indiana Pacers,0.439,105.1,106.3,-1.2,98.64,0.498,0.54,0.152,0.278,0.701,0,2008
1610612746,Los Angeles Clippers,0.28,99.9,107.4,-7.5,93.38,0.465,0.519,0.153,0.267,0.703,0,2008
1610612747,Los Angeles Lakers,0.695,111.7,104.3,7.3,96.7,0.525,0.57,0.145,0.297,0.702,0,2008
1610612763,Memphis Grizzlies,0.268,103.9,110.2,-6.3,96.33,0.5,0.539,0.157,0.277,0.706,0,2008
1610612748,Miami Heat,0.183,99.4,108.8,-9.4,91.24,0.482,0.522,0.159,0.264,0.681,0,2008
1610612749,Milwaukee Bucks,0.317,103.9,111.1,-7.2,92.61,0.482,0.522,0.158,0.332,0.694,0,2008
1610612750,Minnesota Timberwolves,0.268,102.7,110,-7.3,92.84,0.484,0.518,0.156,0.314,0.703,0,2008
1610612751,New Jersey Nets,0.415,102.3,107.7,-5.4,92.96,0.481,0.528,0.16,0.3,0.706,0,2008
1610612740,New Orleans Hornets,0.683,110,104.4,5.6,91.04,0.512,0.548,0.13,0.3,0.717,0,2008
1610612752,New York Knicks,0.28,103.5,110.4,-6.8,92.76,0.475,0.518,0.155,0.321,0.697,0,2008
1610612753,Orlando Magic,0.634,110.4,104.9,5.6,94.02,0.537,0.575,0.151,0.274,0.709,0,2008
1610612755,Philadelphia 76ers,0.488,105.1,104.7,0.5,91.56,0.482,0.522,0.156,0.351,0.688,0,2008
1610612756,Phoenix Suns,0.671,112,107,5,97.72,0.551,0.59,0.147,0.253,0.674,0,2008
1610612757,Portland Trail Blazers,0.5,105.9,106.8,-0.8,89.1,0.489,0.532,0.143,0.303,0.684,0,2008
1610612758,Sacramento Kings,0.463,106.2,108.6,-2.4,95.81,0.503,0.556,0.166,0.29,0.689,0,2008
1610612759,San Antonio Spurs,0.683,106,100.7,5.3,89.72,0.504,0.543,0.14,0.268,0.733,0,2008
1610612760,Seattle SuperSonics,0.244,99.6,108.3,-8.6,97.32,0.467,0.509,0.163,0.305,0.7,0,2008
1610612761,Toronto Raptors,0.5,108.9,105.6,3.3,91.35,0.511,0.551,0.127,0.269,0.709,0,2008
1610612762,Utah Jazz,0.659,112.1,104.9,7.2,94.64,0.528,0.573,0.154,0.327,0.71,0,2008
1610612764,Washington Wizards,0.524,107.6,107.9,-0.3,90.85,0.489,0.535,0.144,0.32,0.695,0,2008
1610612737,Atlanta Hawks,0.573,108.3,106.7,1.7,90.44,0.504,0.546,0.141,0.295,0.682,0,2009
1610612738,Boston Celtics,0.756,109.5,101.6,7.9,91.15,0.528,0.571,0.169,0.314,0.715,0,2009
1610612766,Charlotte Bobcats,0.427,103.7,105,-1.3,89.18,0.494,0.536,0.173,0.321,0.686,0,2009
1610612741,Chicago Bulls,0.5,107.2,107.5,-0.3,94.1,0.493,0.541,0.153,0.321,0.675,0,2009
1610612739,Cleveland Cavaliers,0.805,111.2,101.6,9.6,89.61,0.519,0.56,0.141,0.306,0.707,0,2009
1610612742,Dallas Mavericks,0.61,109,107,2,92.68,0.504,0.55,0.136,0.297,0.707,0,2009
1610612743,Denver Nuggets,0.659,109,105.6,3.4,95.39,0.512,0.563,0.16,0.311,0.683,0,2009
1610612765,Detroit Pistons,0.476,105.8,106.4,-0.6,88.02,0.483,0.524,0.133,0.311,0.711,0,2009
1610612744,Golden State Warriors,0.354,108,111.7,-3.7,99.57,0.497,0.549,0.146,0.293,0.652,0,2009
1610612745,Houston Rockets,0.646,107.1,102.9,4.2,91.23,0.501,0.548,0.154,0.308,0.714,0,2009
1610612754,Indiana Pacers,0.439,107.2,108.2,-1,97.34,0.501,0.545,0.148,0.291,0.707,0,2009
1610612746,Los Angeles Clippers,0.232,101,110.1,-9.2,93.3,0.481,0.52,0.158,0.287,0.679,0,2009
1610612747,Los Angeles Lakers,0.793,111.4,103.5,7.9,95.49,0.513,0.555,0.14,0.326,0.698,1,2009
1610612763,Memphis Grizzlies,0.293,102.3,108.2,-6,91.22,0.486,0.533,0.166,0.297,0.697,0,2009
1610612748,Miami Heat,0.524,106.8,106.5,0.3,90.8,0.5,0.54,0.136,0.282,0.693,0,2009
1610612749,Milwaukee Bucks,0.415,105.2,106.3,-1.1,93.89,0.483,0.531,0.149,0.31,0.699,0,2009
1610612750,Minnesota Timberwolves,0.293,104.9,109.9,-5,92.76,0.481,0.526,0.152,0.321,0.717,0,2009
1610612751,New Jersey Nets,0.415,106.8,109.5,-2.7,91.12,0.497,0.543,0.143,0.288,0.703,0,2009
1610612740,New Orleans Hornets,0.598,107.6,105.8,1.8,88.74,0.501,0.548,0.141,0.282,0.707,0,2009
1610612752,New York Knicks,0.39,107,109.4,-2.5,97.82,0.503,0.544,0.146,0.277,0.696,0,2009
1610612760,Oklahoma City Thunder,0.28,101.4,107.6,-6.2,95.1,0.471,0.521,0.17,0.309,0.716,0,2009
1610612753,Orlando Magic,0.72,108.3,101.3,7.1,92.99,0.52,0.559,0.149,0.273,0.717,0,2009
1610612755,Philadelphia 76ers,0.5,106.3,106.1,0.2,91.3,0.485,0.532,0.154,0.342,0.68,0,2009
1610612756,Phoenix Suns,0.561,112.4,110.4,2,96.99,0.545,0.584,0.161,0.308,0.682,0,2009
1610612757,Portland Trail Blazers,0.659,112.1,106.1,6,88.02,0.511,0.553,0.145,0.355,0.708,0,2009
1610612758,Sacramento Kings,0.207,104.4,113.4,-9,95.29,0.491,0.542,0.16,0.289,0.669,0,2009
1610612759,San Antonio Spurs,0.659,107.6,103.4,4.2,89.19,0.513,0.548,0.13,0.258,0.74,0,2009
1610612761,Toronto Raptors,0.402,105.5,108.6,-3,93.26,0.494,0.542,0.143,0.276,0.706,0,2009
1610612762,Utah Jazz,0.585,108.5,105.8,2.7,94.47,0.504,0.554,0.155,0.316,0.693,0,2009
1610612764,Washington Wizards,0.232,104,112.1,-8.1,92.26,0.48,0.524,0.151,0.313,0.689,0,2009
1610612737,Atlanta Hawks,0.646,111,106,4.9,90.77,0.506,0.545,0.13,0.32,0.685,0,2010
1610612738,Boston Celtics,0.61,106.9,103.2,3.7,92.22,0.522,0.564,0.16,0.274,0.697,0,2010
1610612766,Charlotte Bobcats,0.537,103.9,102,1.9,90.91,0.49,0.538,0.172,0.315,0.698,0,2010
1610612741,Chicago Bulls,0.5,102.6,104.2,-1.6,94.02,0.477,0.52,0.151,0.303,0.709,0,2010
1610612739,Cleveland Cavaliers,0.744,110.6,103.8,6.8,91.77,0.532,0.57,0.15,0.293,0.725,0,2010
1610612742,Dallas Mavericks,0.671,107.8,105,2.8,93.6,0.506,0.552,0.137,0.279,0.697,0,2010
1610612743,Denver Nuggets,0.646,110.8,106.5,4.4,95.61,0.509,0.561,0.144,0.304,0.687,0,2010
1610612765,Detroit Pistons,0.329,104.5,110.3,-5.9,89.46,0.474,0.515,0.149,0.346,0.697,0,2010
1610612744,Golden State Warriors,0.317,107,110.3,-3.3,101.52,0.514,0.557,0.144,0.254,0.659,0,2010
1610612745,Houston Rockets,0.512,106.8,106.8,0,94.91,0.494,0.537,0.151,0.309,0.699,0,2010
1610612754,Indiana Pacers,0.39,103,106,-3,97.77,0.491,0.536,0.154,0.255,0.69,0,2010
1610612746,Los Angeles Clippers,0.354,102.3,109.1,-6.8,93.44,0.491,0.529,0.168,0.305,0.697,0,2010
1610612747,Los Angeles Lakers,0.695,107.6,102.7,4.9,93.73,0.496,0.538,0.141,0.314,0.708,1,2010
1610612763,Memphis Grizzlies,0.488,107.5,109,-1.5,94.29,0.494,0.536,0.16,0.355,0.698,0,2010
1610612748,Miami Heat,0.573,105.7,103.4,2.4,90.3,0.496,0.537,0.144,0.294,0.701,0,2010
1610612749,Milwaukee Bucks,0.561,104,101.9,2.1,92.6,0.482,0.518,0.141,0.298,0.726,0,2010
1610612750,Minnesota Timberwolves,0.183,100.6,110.4,-9.8,97.12,0.478,0.518,0.167,0.308,0.705,0,2010
1610612751,New Jersey Nets,0.146,99.3,108.9,-9.6,92.65,0.458,0.509,0.155,0.285,0.686,0,2010
1610612740,New Orleans Hornets,0.451,106.5,108.9,-2.4,93.53,0.506,0.543,0.143,0.282,0.696,0,2010
1610612752,New York Knicks,0.354,106.4,110.3,-4,95.03,0.509,0.547,0.146,0.268,0.691,0,2010
1610612760,Oklahoma City Thunder,0.61,107,103.5,3.5,94.13,0.494,0.547,0.158,0.32,0.694,0,2010
1610612753,Orlando Magic,0.72,110.7,102.8,7.9,92.54,0.536,0.573,0.152,0.28,0.726,0,2010
1610612755,Philadelphia 76ers,0.329,104.8,108.9,-4.1,92.72,0.496,0.534,0.156,0.31,0.693,0,2010
1610612756,Phoenix Suns,0.659,113.9,109.1,4.8,96.43,0.546,0.585,0.152,0.311,0.673,0,2010
1610612757,Portland Trail Blazers,0.61,109.6,106.1,3.5,88.64,0.499,0.547,0.138,0.32,0.702,0,2010
1610612758,Sacramento Kings,0.305,104.4,109.1,-4.7,94.78,0.491,0.528,0.156,0.315,0.7,0,2010
1610612759,San Antonio Spurs,0.61,109.3,103.9,5.4,92.26,0.515,0.552,0.147,0.303,0.72,0,2010
1610612761,Toronto Raptors,0.488,110.2,112.2,-2,93.94,0.521,0.564,0.142,0.288,0.692,0,2010
1610612762,Utah Jazz,0.646,109.7,104,5.7,94.68,0.524,0.565,0.16,0.313,0.718,0,2010
1610612764,Washington Wizards,0.317,103.1,108.3,-5.3,92.6,0.481,0.524,0.159,0.317,0.691,0,2010
1610612737,Atlanta Hawks,0.537,105.1,105.8,-0.7,90.22,0.501,0.542,0.151,0.274,0.71,0,2011
1610612738,Boston Celtics,0.683,105.5,99.8,5.7,90.92,0.519,0.561,0.159,0.257,0.709,0,2011
1610612766,Charlotte Bobcats,0.415,102.8,107,-4.2,90.3,0.482,0.528,0.16,0.298,0.705,0,2011
1610612741,Chicago Bulls,0.756,107.2,99.5,7.8,91.2,0.501,0.541,0.154,0.332,0.717,0,2011
1610612739,Cleveland Cavaliers,0.232,101.5,110.9,-9.5,93.76,0.472,0.518,0.151,0.283,0.699,0,2011
1610612742,Dallas Mavericks,0.695,108.4,104.1,4.4,92.24,0.525,0.565,0.151,0.278,0.713,1,2011
1610612743,Denver Nuggets,0.61,111.7,106.8,4.9,96.06,0.526,0.574,0.147,0.283,0.716,0,2011
1610612765,Detroit Pistons,0.366,107,110.7,-3.7,89.79,0.495,0.533,0.144,0.317,0.681,0,2011
1610612744,Golden State Warriors,0.439,107.1,109.4,-2.3,95.85,0.51,0.544,0.151,0.3,0.659,0,2011
1610612745,Houston Rockets,0.524,110.2,107.9,2.3,95.14,0.503,0.55,0.141,0.315,0.69,0,2011
1610612754,Indiana Pacers,0.451,104.1,105,-0.9,95.5,0.486,0.533,0.16,0.297,0.703,0,2011
1610612746,Los Angeles Clippers,0.39,104.8,108,-3.2,93.35,0.496,0.535,0.174,0.33,0.692,0,2011
1610612747,Los Angeles Lakers,0.695,109.6,103.3,6.3,91.78,0.502,0.545,0.141,0.325,0.692,0,2011
1610612763,Memphis Grizzlies,0.561,107,104.5,2.5,92.42,0.493,0.534,0.15,0.333,0.682,0,2011
1610612748,Miami Heat,0.707,110.6,102.9,7.8,91.63,0.524,0.573,0.151,0.287,0.715,0,2011
1610612749,Milwaukee Bucks,0.427,100.8,101.5,-0.8,90.57,0.467,0.511,0.148,0.287,0.71,0,2011
1610612750,Minnesota Timberwolves,0.207,103.2,109.9,-6.7,97.49,0.483,0.526,0.174,0.336,0.698,0,2011
1610612751,New Jersey Nets,0.293,102.1,108.9,-6.8,90.7,0.474,0.517,0.152,0.304,0.7,0,2011
1610612740,New Orleans Hornets,0.561,105.4,104.4,1,89.4,0.493,0.537,0.145,0.289,0.721,0,2011
1610612752,New York Knicks,0.512,109.9,109,1,96.47,0.513,0.561,0.141,0.273,0.676,0,2011
1610612760,Oklahoma City Thunder,0.671,109.9,105.9,3.9,93.84,0.501,0.561,0.148,0.306,0.697,0,2011
1610612753,Orlando Magic,0.634,107.4,101.8,5.6,91.55,0.521,0.554,0.162,0.304,0.723,0,2011
1610612755,Philadelphia 76ers,0.5,105.3,103.8,1.5,92.78,0.494,0.535,0.138,0.278,0.714,0,2011
1610612756,Phoenix Suns,0.488,108.6,109.4,-0.8,95.18,0.522,0.559,0.147,0.275,0.681,0,2011
1610612757,Portland Trail Blazers,0.585,107.3,105.7,1.6,89.13,0.486,0.533,0.145,0.331,0.682,0,2011
1610612758,Sacramento Kings,0.293,102.9,108.4,-5.5,95.76,0.48,0.519,0.167,0.334,0.702,0,2011
1610612759,San Antonio Spurs,0.744,110.5,104.4,6.1,93.34,0.527,0.567,0.143,0.276,0.711,0,2011
1610612761,Toronto Raptors,0.268,105.2,111.7,-6.5,93.78,0.491,0.533,0.156,0.314,0.685,0,2011
1610612762,Utah Jazz,0.476,107,108.8,-1.8,92.03,0.498,0.544,0.154,0.314,0.679,0,2011
1610612764,Washington Wizards,0.28,101.3,109.1,-7.8,94.76,0.471,0.513,0.16,0.317,0.671,0,2011
1610612737,Atlanta Hawks,0.606,104.2,100.4,3.8,90.88,0.5,0.535,0.151,0.279,0.703,0,2012
1610612738,Boston Celtics,0.591,100.1,97.5,2.6,91.11,0.496,0.535,0.162,0.245,0.686,0,2012
1610612766,Charlotte Bobcats,0.106,94.4,109.4,-15,91.86,0.439,0.483,0.157,0.285,0.678,0,2012
1610612741,Chicago Bulls,0.758,106.3,97.5,8.8,89.98,0.49,0.523,0.154,0.361,0.703,0,2012
1610612739,Cleveland Cavaliers,0.318,100,107.6,-7.6,92.34,0.463,0.505,0.166,0.323,0.683,0,2012
1610612742,Dallas Mavericks,0.545,102.1,100.9,1.1,92.61,0.489,0.527,0.149,0.268,0.714,0,2012
1610612743,Denver Nuggets,0.576,108.3,105.1,3.2,95.03,0.516,0.556,0.16,0.316,0.705,0,2012
1610612765,Detroit Pistons,0.379,100,105,-5,90.31,0.468,0.51,0.172,0.322,0.689,0,2012
1610612744,Golden State Warriors,0.348,103.9,107.3,-3.4,93.78,0.505,0.539,0.147,0.256,0.658,0,2012
1610612745,Houston Rockets,0.515,104.2,104,0.2,92.82,0.492,0.529,0.154,0.309,0.692,0,2012
1610612754,Indiana Pacers,0.636,105.5,102.1,3.3,91.68,0.474,0.526,0.151,0.333,0.689,0,2012
1610612746,Los Angeles Clippers,0.606,107.5,104.8,2.7,89.98,0.502,0.533,0.147,0.331,0.692,0,2012
1610612747,Los Angeles Lakers,0.621,104.5,103.2,1.3,91.72,0.491,0.534,0.162,0.327,0.719,0,2012
1610612763,Memphis Grizzlies,0.621,102.8,100.6,2.2,91.82,0.473,0.515,0.157,0.335,0.688,0,2012
1610612748,Miami Heat,0.697,105.6,99.2,6.4,92.07,0.505,0.549,0.163,0.299,0.693,1,2012
1610612749,Milwaukee Bucks,0.47,104.5,104.1,0.4,94.68,0.481,0.521,0.148,0.314,0.675,0,2012
1610612750,Minnesota Timberwolves,0.394,103.1,105.3,-2.2,94.44,0.477,0.524,0.16,0.311,0.693,0,2012
1610612751,New Jersey Nets,0.333,101.8,108.1,-6.3,91.26,0.473,0.516,0.165,0.314,0.677,0,2012
1610612740,New Orleans Hornets,0.318,99.9,103.9,-4,89.27,0.476,0.517,0.173,0.31,0.696,0,2012
1610612752,New York Knicks,0.545,103.5,100.2,3.2,93.91,0.492,0.533,0.169,0.309,0.702,0,2012
1610612760,Oklahoma City Thunder,0.712,108.4,102.1,6.3,94.11,0.516,0.567,0.172,0.304,0.687,0,2012
1610612753,Orlando Magic,0.561,104,103.4,0.6,89.75,0.506,0.533,0.165,0.306,0.72,0,2012
1610612755,Philadelphia 76ers,0.53,102.7,98.2,4.6,90.68,0.48,0.511,0.123,0.277,0.712,0,2012
1610612756,Phoenix Suns,0.5,105.2,105.2,-0.1,93.61,0.499,0.536,0.15,0.294,0.687,0,2012
1610612757,Portland Trail Blazers,0.424,104.4,105.3,-0.9,92.24,0.488,0.531,0.152,0.303,0.691,0,2012
1610612758,Sacramento Kings,0.333,102.9,108.7,-5.8,95.56,0.472,0.51,0.15,0.321,0.67,0,2012
1610612759,San Antonio Spurs,0.758,110,102.3,7.7,93.67,0.528,0.562,0.144,0.282,0.72,0,2012
1610612761,Toronto Raptors,0.348,99.6,103.6,-3.9,90.19,0.475,0.518,0.167,0.294,0.708,0,2012
1610612762,Utah Jazz,0.545,105.5,104.9,0.5,92.53,0.481,0.525,0.15,0.34,0.703,0,2012
1610612764,Washington Wizards,0.303,100,104.9,-5,93.59,0.472,0.508,0.163,0.308,0.678,0,2012
1610612737,Atlanta Hawks,0.537,103.7,103.4,0.3,93.56,0.517,0.546,0.157,0.254,0.701,0,2013
1610612738,Boston Celtics,0.506,102.2,102.6,-0.5,92.46,0.503,0.542,0.154,0.246,0.69,0,2013
1610612751,Brooklyn Nets,0.598,106.9,104.8,2,89.88,0.498,0.536,0.162,0.343,0.701,0,2013
1610612766,Charlotte Bobcats,0.256,100.4,110.3,-9.9,92.49,0.46,0.507,0.151,0.305,0.679,0,2013
1610612741,Chicago Bulls,0.549,102.4,101.9,0.5,90.35,0.47,0.512,0.157,0.332,0.699,0,2013
1610612739,Cleveland Cavaliers,0.293,103.2,108.2,-5,93.25,0.473,0.514,0.15,0.326,0.695,0,2013
1610612742,Dallas Mavericks,0.5,104.7,105.4,-0.6,95.09,0.506,0.544,0.144,0.259,0.698,0,2013
1610612743,Denver Nuggets,0.695,109.3,104.2,5.1,95.92,0.515,0.549,0.157,0.345,0.675,0,2013
1610612765,Detroit Pistons,0.354,102.7,107.2,-4.5,91.68,0.487,0.521,0.164,0.324,0.695,0,2013
1610612744,Golden State Warriors,0.573,105.1,104.2,0.9,95.64,0.506,0.545,0.157,0.285,0.712,0,2013
1610612745,Houston Rockets,0.549,108.8,105.3,3.5,96.89,0.525,0.564,0.169,0.305,0.71,0,2013
1610612754,Indiana Pacers,0.605,103.4,99,4.4,90.9,0.479,0.521,0.165,0.336,0.701,0,2013
1610612746,Los Angeles Clippers,0.683,109.8,102.8,6.9,91.83,0.526,0.557,0.159,0.323,0.697,0,2013
1610612747,Los Angeles Lakers,0.549,107,105.9,1.1,95.08,0.512,0.548,0.157,0.309,0.702,0,2013
1610612763,Memphis Grizzlies,0.683,103.6,99.1,4.5,89.56,0.472,0.514,0.155,0.344,0.702,0,2013
1610612748,Miami Heat,0.805,111.4,103.2,8.2,91.26,0.552,0.588,0.151,0.264,0.678,1,2013
1610612749,Milwaukee Bucks,0.463,102.5,104.2,-1.7,95.65,0.476,0.51,0.146,0.315,0.678,0,2013
1610612750,Minnesota Timberwolves,0.378,101.8,104,-2.2,93.94,0.473,0.516,0.157,0.312,0.702,0,2013
1610612740,New Orleans Hornets,0.329,104.5,108.9,-4.4,89.5,0.489,0.528,0.162,0.332,0.705,0,2013
1610612752,New York Knicks,0.659,109.8,105.4,4.5,90.68,0.515,0.55,0.132,0.291,0.708,0,2013
1610612760,Oklahoma City Thunder,0.732,111,101.2,9.9,94.58,0.527,0.58,0.16,0.291,0.702,0,2013
1610612753,Orlando Magic,0.244,100.9,108.4,-7.4,92.81,0.485,0.514,0.156,0.293,0.707,0,2013
1610612755,Philadelphia 76ers,0.415,101,104.7,-3.7,91.88,0.481,0.509,0.141,0.291,0.695,0,2013
1610612756,Phoenix Suns,0.305,100.2,106.9,-6.7,94.48,0.477,0.512,0.164,0.308,0.687,0,2013
1610612757,Portland Trail Blazers,0.402,104.5,107.9,-3.4,92.46,0.498,0.536,0.157,0.294,0.702,0,2013
1610612758,Sacramento Kings,0.341,105.3,110,-4.7,94.65,0.491,0.532,0.154,0.306,0.673,0,2013
1610612759,San Antonio Spurs,0.707,107,100.3,6.7,95.31,0.531,0.568,0.153,0.243,0.715,0,2013
1610612761,Toronto Raptors,0.415,105,106.4,-1.4,91.26,0.488,0.532,0.148,0.296,0.688,0,2013
1610612762,Utah Jazz,0.524,105.4,105.6,-0.2,92.05,0.492,0.533,0.159,0.329,0.697,0,2013
1610612764,Washington Wizards,0.354,99.3,101.6,-2.3,93.23,0.475,0.512,0.161,0.279,0.706,0,2013
1610612737,Atlanta Hawks,0.463,104.9,105.7,-0.7,95.41,0.515,0.554,0.159,0.256,0.711,0,2014
1610612738,Boston Celtics,0.305,101.9,106.5,-4.6,94.28,0.477,0.517,0.163,0.314,0.708,0,2014
1610612751,Brooklyn Nets,0.537,105.4,106.7,-1.3,92.42,0.514,0.555,0.155,0.26,0.686,0,2014
1610612766,Charlotte Bobcats,0.524,103,103.3,-0.4,92.93,0.481,0.522,0.131,0.269,0.73,0,2014
1610612741,Chicago Bulls,0.585,101.7,99.9,1.9,90.84,0.471,0.518,0.162,0.321,0.713,0,2014
1610612739,Cleveland Cavaliers,0.402,103.5,107,-3.6,93.69,0.479,0.518,0.149,0.314,0.711,0,2014
1610612742,Dallas Mavericks,0.598,109.5,107.2,2.3,94.94,0.526,0.564,0.141,0.276,0.694,0,2014
1610612743,Denver Nuggets,0.439,105.1,107.3,-2.2,98.95,0.497,0.536,0.16,0.31,0.703,0,2014
1610612765,Detroit Pistons,0.354,105.2,109,-3.7,95.57,0.482,0.514,0.152,0.347,0.693,0,2014
1610612744,Golden State Warriors,0.622,106.3,101.4,4.9,97.37,0.517,0.55,0.155,0.284,0.724,0,2014
1610612745,Houston Rockets,0.659,109.8,105.2,4.6,97.27,0.531,0.571,0.165,0.306,0.7,0,2014
1610612754,Indiana Pacers,0.683,103.6,98.9,4.7,92.89,0.49,0.535,0.162,0.296,0.721,0,2014
1610612746,Los Angeles Clippers,0.695,111.3,104,7.3,96.66,0.526,0.567,0.143,0.288,0.69,0,2014
1610612747,Los Angeles Lakers,0.329,103.2,109.3,-6,99.72,0.505,0.542,0.152,0.235,0.676,0,2014
1610612763,Memphis Grizzlies,0.61,105.5,103.8,1.7,90.58,0.494,0.529,0.15,0.326,0.718,0,2014
1610612748,Miami Heat,0.659,110,105,5.1,91.9,0.554,0.59,0.159,0.244,0.686,0,2014
1610612749,Milwaukee Bucks,0.183,101.9,110.2,-8.3,92.96,0.479,0.519,0.161,0.31,0.678,0,2014
1610612750,Minnesota Timberwolves,0.488,107.7,105.2,2.6,98.33,0.486,0.535,0.14,0.317,0.715,0,2014
1610612740,New Orleans Pelicans,0.415,106.2,109.1,-3,93.07,0.495,0.537,0.147,0.305,0.694,0,2014
1610612752,New York Knicks,0.451,107,108.1,-1.1,91.24,0.505,0.541,0.141,0.291,0.705,0,2014
1610612760,Oklahoma City Thunder,0.72,109.4,103,6.4,96.33,0.52,0.566,0.158,0.294,0.722,0,2014
1610612753,Orlando Magic,0.28,101,106.6,-5.7,94.27,0.487,0.525,0.156,0.267,0.714,0,2014
1610612755,Philadelphia 76ers,0.232,99,109,-10,99.74,0.475,0.51,0.168,0.29,0.684,0,2014
1610612756,Phoenix Suns,0.585,108.2,105.6,2.6,96.83,0.519,0.558,0.158,0.298,0.699,0,2014
1610612757,Portland Trail Blazers,0.659,110.4,106.2,4.2,95.9,0.504,0.548,0.142,0.32,0.713,0,2014
1610612758,Sacramento Kings,0.341,105.1,107.8,-2.7,95.04,0.484,0.532,0.159,0.316,0.725,0,2014
1610612759,San Antonio Spurs,0.756,109.5,101.4,8.1,95.87,0.537,0.571,0.15,0.261,0.725,1,2014
1610612761,Toronto Raptors,0.585,107.9,104.6,3.3,92.48,0.498,0.545,0.151,0.312,0.701,0,2014
1610612762,Utah Jazz,0.305,102.4,110.1,-7.6,92.32,0.484,0.523,0.158,0.297,0.708,0,2014
1610612764,Washington Wizards,0.537,104.9,103.6,1.3,94.18,0.506,0.538,0.153,0.286,0.719,0,2014
1610612737,Atlanta Hawks,0.732,108.2,102.3,5.9,94.66,0.527,0.563,0.15,0.264,0.697,0,2015
1610612738,Boston Celtics,0.488,103.8,103.5,0.3,96.71,0.489,0.523,0.142,0.289,0.71,0,2015
1610612751,Brooklyn Nets,0.463,103.4,106.3,-3,93.69,0.491,0.529,0.146,0.278,0.701,0,2015
1610612766,Charlotte Hornets,0.402,99.6,103,-3.4,93.45,0.456,0.498,0.126,0.27,0.746,0,2015
1610612741,Chicago Bulls,0.61,106.3,103.3,3,93.8,0.489,0.536,0.147,0.312,0.709,0,2015
1610612739,Cleveland Cavaliers,0.646,110.1,105.3,4.8,93.23,0.52,0.557,0.152,0.311,0.711,0,2015
1610612742,Dallas Mavericks,0.61,108.2,104.9,3.2,96.4,0.515,0.55,0.133,0.269,0.681,0,2015
1610612743,Denver Nuggets,0.366,103.9,107.1,-3.3,96.87,0.479,0.518,0.146,0.303,0.7,0,2015
1610612765,Detroit Pistons,0.39,104.3,105.4,-1.1,93.68,0.482,0.515,0.142,0.316,0.712,0,2015
1610612744,Golden State Warriors,0.817,110.4,100.4,9.9,99.28,0.54,0.571,0.145,0.273,0.703,1,2015
1610612745,Houston Rockets,0.683,106,102.6,3.4,97.36,0.512,0.548,0.17,0.305,0.686,0,2015
1610612754,Indiana Pacers,0.463,102.9,102.7,0.2,93.67,0.484,0.523,0.148,0.286,0.735,0,2015
1610612746,Los Angeles Clippers,0.683,111.6,104.7,6.9,95.4,0.533,0.565,0.129,0.272,0.716,0,2015
1610612747,Los Angeles Lakers,0.256,102.3,109.4,-7.1,95.03,0.473,0.513,0.138,0.29,0.72,0,2015
1610612763,Memphis Grizzlies,0.671,104.8,101.2,3.5,92.82,0.489,0.531,0.142,0.288,0.716,0,2015
1610612748,Miami Heat,0.451,103.2,106.1,-3,91.49,0.5,0.54,0.161,0.284,0.687,0,2015
1610612749,Milwaukee Bucks,0.5,102,101.4,0.6,94.82,0.499,0.536,0.175,0.29,0.686,0,2015
1610612750,Minnesota Timberwolves,0.195,101.8,110.9,-9.1,95.45,0.468,0.517,0.156,0.311,0.682,0,2015
1610612740,New Orleans Pelicans,0.549,107.1,106.3,0.8,92.29,0.501,0.537,0.143,0.309,0.712,0,2015
1610612752,New York Knicks,0.207,98.9,109,-10.1,92.06,0.47,0.508,0.158,0.289,0.691,0,2015
1610612760,Oklahoma City Thunder,0.549,106.7,104.6,2.1,96.61,0.492,0.532,0.151,0.318,0.73,0,2015
1610612753,Orlando Magic,0.305,101,106.8,-5.9,94.51,0.494,0.524,0.157,0.269,0.716,0,2015
1610612755,Philadelphia 76ers,0.22,94.9,103.9,-9,96.45,0.459,0.494,0.183,0.293,0.686,0,2015
1610612756,Phoenix Suns,0.476,104.2,105.3,-1.1,97.2,0.501,0.537,0.154,0.281,0.698,0,2015
1610612757,Portland Trail Blazers,0.622,107.1,102.8,4.3,95.06,0.508,0.544,0.142,0.282,0.728,0,2015
1610612758,Sacramento Kings,0.354,104.5,108.2,-3.7,96.16,0.49,0.542,0.168,0.313,0.715,0,2015
1610612759,San Antonio Spurs,0.671,107.6,101.4,6.3,94.45,0.517,0.555,0.146,0.272,0.73,0,2015
1610612761,Toronto Raptors,0.598,110.2,107.1,3.1,93.46,0.508,0.553,0.137,0.301,0.689,0,2015
1610612762,Utah Jazz,0.463,104.2,104.1,0.1,91.1,0.494,0.531,0.168,0.332,0.715,0,2015
1610612764,Washington Wizards,0.561,103,102.4,0.6,94.29,0.499,0.534,0.157,0.288,0.726,0,2015
1610612737,Atlanta Hawks,0.585,104.6,100.8,3.9,97.63,0.516,0.552,0.152,0.234,0.698,0,2016
1610612738,Boston Celtics,0.585,105.8,102.5,3.3,99.43,0.488,0.531,0.138,0.29,0.707,0,2016
1610612751,Brooklyn Nets,0.256,102.4,109.7,-7.4,96.12,0.492,0.527,0.153,0.279,0.716,0,2016
1610612766,Charlotte Hornets,0.585,106.4,103.7,2.7,96.24,0.502,0.545,0.129,0.244,0.754,0,2016
1610612741,Chicago Bulls,0.512,104.1,105.5,-1.4,96.6,0.487,0.526,0.142,0.29,0.714,0,2016
1610612739,Cleveland Cavaliers,0.695,110.2,103.9,6.3,93.82,0.524,0.558,0.143,0.294,0.742,1,2016
1610612742,Dallas Mavericks,0.512,105.5,105.9,-0.4,95.34,0.502,0.544,0.132,0.241,0.723,0,2016
1610612743,Denver Nuggets,0.402,104.9,108.2,-3.3,96.34,0.489,0.531,0.151,0.304,0.732,0,2016
1610612765,Detroit Pistons,0.537,105.3,104.9,0.3,95.75,0.491,0.522,0.14,0.313,0.753,0,2016
1610612744,Golden State Warriors,0.89,113.5,102.8,10.6,100.24,0.563,0.593,0.15,0.267,0.72,0,2016
1610612745,Houston Rockets,0.5,107.3,107.3,0,98.42,0.516,0.553,0.161,0.297,0.692,0,2016
1610612754,Indiana Pacers,0.549,103.8,102.2,1.6,97.35,0.497,0.536,0.151,0.271,0.714,0,2016
1610612746,LA Clippers,0.646,107.2,102.7,4.5,96.81,0.524,0.556,0.133,0.234,0.697,0,2016
1610612747,Los Angeles Lakers,0.207,100.7,110.3,-9.7,96.55,0.46,0.509,0.142,0.271,0.712,0,2016
1610612763,Memphis Grizzlies,0.512,104.7,107.1,-2.4,93.95,0.477,0.524,0.14,0.298,0.709,0,2016
1610612748,Miami Heat,0.585,105.5,103.7,1.7,94.14,0.508,0.545,0.148,0.28,0.729,0,2016
1610612749,Milwaukee Bucks,0.402,103.4,107.8,-4.5,95.05,0.499,0.537,0.159,0.286,0.689,0,2016
1610612750,Minnesota Timberwolves,0.354,105.4,109,-3.5,96.2,0.498,0.549,0.155,0.279,0.702,0,2016
1610612740,New Orleans Pelicans,0.366,104.8,108.4,-3.7,97.64,0.498,0.537,0.137,0.252,0.748,0,2016
1610612752,New York Knicks,0.39,103.9,106.7,-2.8,94.12,0.483,0.527,0.142,0.28,0.718,0,2016
1610612760,Oklahoma City Thunder,0.671,112.1,104.8,7.4,97.54,0.524,0.565,0.162,0.347,0.72,0,2016
1610612753,Orlando Magic,0.427,104.4,106,-1.6,96.68,0.5,0.533,0.144,0.271,0.726,0,2016
1610612755,Philadelphia 76ers,0.122,98.4,108.6,-10.2,98.44,0.487,0.519,0.165,0.25,0.693,0,2016
1610612756,Phoenix Suns,0.28,101.5,107.9,-6.5,99.39,0.487,0.526,0.173,0.297,0.733,0,2016
1610612757,Portland Trail Blazers,0.537,107.6,106.8,0.8,97.06,0.511,0.548,0.15,0.294,0.728,0,2016
1610612758,Sacramento Kings,0.402,105.3,107.6,-2.3,100.66,0.51,0.546,0.16,0.281,0.717,0,2016
1610612759,San Antonio Spurs,0.817,109.3,98.2,11.1,94.54,0.526,0.564,0.138,0.266,0.746,0,2016
1610612761,Toronto Raptors,0.683,109.3,104.8,4.4,93.35,0.504,0.552,0.139,0.3,0.736,0,2016
1610612762,Utah Jazz,0.488,105,103.2,1.8,91.66,0.501,0.54,0.161,0.303,0.731,0,2016
1610612764,Washington Wizards,0.5,104.5,105.1,-0.5,99.16,0.511,0.544,0.145,0.25,0.737,0,2016
1610612737,Atlanta Hawks,0.524,104.5,105.2,-0.7,97.76,0.504,0.541,0.16,0.282,0.717,0,2017
1610612738,Boston Celtics,0.646,110.6,108,2.6,97.21,0.525,0.567,0.136,0.259,0.705,0,2017
1610612751,Brooklyn Nets,0.244,103.6,110.1,-6.5,101.75,0.507,0.551,0.162,0.241,0.716,0,2017
1610612766,Charlotte Hornets,0.439,108.4,108.4,0,95.92,0.501,0.547,0.119,0.247,0.749,0,2017
1610612741,Chicago Bulls,0.5,106.5,106.2,0.3,96.02,0.487,0.53,0.14,0.311,0.733,0,2017
1610612739,Cleveland Cavaliers,0.622,112.8,109.7,3.1,96.74,0.547,0.58,0.14,0.264,0.722,0,2017
1610612742,Dallas Mavericks,0.402,104.7,107.7,-3,93.11,0.505,0.541,0.127,0.216,0.733,0,2017
1610612743,Denver Nuggets,0.488,112.2,111.7,0.4,99.18,0.53,0.568,0.15,0.314,0.753,0,2017
1610612765,Detroit Pistons,0.451,105.3,106.7,-1.4,95.52,0.492,0.521,0.123,0.286,0.775,0,2017
1610612744,Golden State Warriors,0.817,114.8,103.4,11.4,100.37,0.563,0.597,0.146,0.272,0.709,1,2017
1610612745,Houston Rockets,0.671,114.1,108.4,5.7,100.55,0.545,0.583,0.15,0.281,0.717,0,2017
1610612754,Indiana Pacers,0.512,107.9,108.1,-0.2,96.59,0.516,0.558,0.141,0.255,0.713,0,2017
1610612746,LA Clippers,0.622,111.8,107.5,4.4,96.77,0.537,0.574,0.133,0.256,0.733,0,2017
1610612747,Los Angeles Lakers,0.317,105.3,112,-6.7,99.26,0.501,0.537,0.153,0.284,0.717,0,2017
1610612763,Memphis Grizzlies,0.524,107,106.5,0.5,92.84,0.491,0.535,0.137,0.295,0.731,0,2017
1610612748,Miami Heat,0.5,107.4,106.4,1,95.51,0.512,0.541,0.14,0.284,0.718,0,2017
1610612749,Milwaukee Bucks,0.512,108.5,108.7,-0.2,94.99,0.527,0.565,0.146,0.26,0.706,0,2017
1610612750,Minnesota Timberwolves,0.378,110,110.9,-0.9,95.48,0.511,0.555,0.146,0.309,0.71,0,2017
1610612740,New Orleans Pelicans,0.415,104.7,106.8,-2.1,98.56,0.504,0.539,0.129,0.228,0.728,0,2017
1610612752,New York Knicks,0.378,107.1,110.7,-3.6,96.63,0.496,0.534,0.143,0.305,0.698,0,2017
1610612760,Oklahoma City Thunder,0.573,107.9,107.1,0.8,98.18,0.5,0.54,0.152,0.323,0.742,0,2017
1610612753,Orlando Magic,0.354,103.7,110.3,-6.5,96.9,0.489,0.524,0.137,0.267,0.726,0,2017
1610612755,Philadelphia 76ers,0.341,102.7,108.2,-5.5,99.07,0.501,0.539,0.167,0.273,0.709,0,2017
1610612756,Phoenix Suns,0.293,106.1,111.3,-5.2,100.85,0.493,0.538,0.152,0.299,0.718,0,2017
1610612757,Portland Trail Blazers,0.5,109.4,110,-0.6,97.38,0.52,0.559,0.139,0.269,0.72,0,2017
1610612758,Sacramento Kings,0.39,106.6,110.8,-4.2,95.42,0.516,0.556,0.152,0.258,0.723,0,2017
1610612759,San Antonio Spurs,0.744,110.3,102.9,7.4,94.86,0.524,0.564,0.141,0.282,0.73,0,2017
1610612761,Toronto Raptors,0.622,111.4,107.1,4.3,95.41,0.517,0.561,0.132,0.291,0.717,0,2017
1610612762,Utah Jazz,0.622,109,104.7,4.3,92.09,0.526,0.563,0.148,0.27,0.743,0,2017
1610612764,Washington Wizards,0.598,110.4,108.8,1.7,97.94,0.528,0.564,0.143,0.286,0.716,0,2017
1610612737,Atlanta Hawks,0.293,104.4,110.1,-5.7,98.76,0.512,0.547,0.157,0.263,0.719,0,2018
1610612738,Boston Celtics,0.671,106.8,103.2,3.6,96.75,0.518,0.552,0.144,0.263,0.739,0,2018
1610612751,Brooklyn Nets,0.341,106.1,109.7,-3.6,99.66,0.514,0.551,0.151,0.251,0.731,0,2018
1610612766,Charlotte Hornets,0.439,109,109,-0.1,98.66,0.508,0.549,0.128,0.271,0.763,0,2018
1610612741,Chicago Bulls,0.329,103.4,110.5,-7,98.65,0.497,0.529,0.141,0.256,0.767,0,2018
1610612739,Cleveland Cavaliers,0.61,112,111.1,1,98.72,0.547,0.584,0.139,0.243,0.73,0,2018
1610612742,Dallas Mavericks,0.293,105.4,108.4,-2.9,96.53,0.513,0.544,0.127,0.224,0.749,0,2018
1610612743,Denver Nuggets,0.561,111.4,110,1.4,97.69,0.536,0.57,0.151,0.3,0.736,0,2018
1610612765,Detroit Pistons,0.476,106.6,106.7,-0.1,96.75,0.512,0.543,0.138,0.269,0.74,0,2018
1610612744,Golden State Warriors,0.707,112.8,106.8,5.9,100.35,0.569,0.603,0.153,0.243,0.712,1,2018
1610612745,Houston Rockets,0.793,114.1,105.7,8.4,98.02,0.551,0.59,0.141,0.254,0.75,0,2018
1610612754,Indiana Pacers,0.585,108.5,107.3,1.3,96.84,0.525,0.557,0.136,0.271,0.721,0,2018
1610612746,LA Clippers,0.512,109.4,109.2,0.2,99.54,0.527,0.564,0.147,0.284,0.718,0,2018
1610612747,Los Angeles Lakers,0.427,106,107.3,-1.3,100.9,0.517,0.548,0.155,0.279,0.729,0,2018
1610612763,Memphis Grizzlies,0.268,103.6,110.4,-6.8,95.65,0.5,0.539,0.156,0.276,0.721,0,2018
1610612748,Miami Heat,0.537,106.2,105.8,0.4,96.1,0.52,0.551,0.148,0.261,0.741,0,2018
1610612749,Milwaukee Bucks,0.537,109,109.1,-0.2,97.03,0.531,0.571,0.142,0.244,0.709,0,2018
1610612750,Minnesota Timberwolves,0.573,112.5,110.2,2.3,96.75,0.523,0.566,0.128,0.289,0.72,0,2018
1610612740,New Orleans Pelicans,0.585,108.5,107.4,1.1,101.48,0.541,0.573,0.145,0.24,0.726,0,2018
1610612752,New York Knicks,0.354,106.3,109.7,-3.4,97.64,0.51,0.544,0.15,0.289,0.727,0,2018
1610612760,Oklahoma City Thunder,0.585,110.1,106.4,3.7,97.34,0.514,0.546,0.143,0.32,0.725,0,2018
1610612753,Orlando Magic,0.305,104.7,109.4,-4.7,98.58,0.512,0.545,0.147,0.248,0.714,0,2018
1610612755,Philadelphia 76ers,0.634,108.5,103.9,4.6,100.75,0.535,0.568,0.163,0.286,0.736,0,2018
1610612756,Phoenix Suns,0.256,102.8,111.7,-9,101.14,0.495,0.532,0.155,0.271,0.724,0,2018
1610612757,Portland Trail Blazers,0.598,108.4,105.7,2.7,97.11,0.511,0.549,0.139,0.279,0.746,0,2018
1610612758,Sacramento Kings,0.329,103.1,110.4,-7.3,95.5,0.502,0.529,0.143,0.264,0.731,0,2018
1610612759,San Antonio Spurs,0.573,107.1,104.1,3,95.7,0.507,0.543,0.137,0.277,0.741,0,2018
1610612761,Toronto Raptors,0.72,113,105.3,7.7,98.02,0.539,0.575,0.135,0.274,0.725,0,2018
1610612762,Utah Jazz,0.585,107.4,103,4.4,96.58,0.527,0.564,0.152,0.256,0.756,0,2018
1610612764,Washington Wizards,0.524,108.1,107.7,0.4,97.67,0.525,0.56,0.148,0.274,0.732,0,2018
1610612737,Atlanta Hawks,0.354,107.5,113.1,-5.5,104.56,0.522,0.555,0.162,0.284,0.718,0,2019
1610612738,Boston Celtics,0.598,111.3,107,4.3,100.43,0.534,0.567,0.127,0.257,0.728,0,2019
1610612751,Brooklyn Nets,0.512,108.9,109,-0.1,101.52,0.52,0.556,0.146,0.282,0.72,0,2019
1610612766,Charlotte Hornets,0.476,110.7,112,-1.3,99.18,0.514,0.554,0.122,0.268,0.731,0,2019
1610612741,Chicago Bulls,0.268,104.5,112.8,-8.3,99.3,0.505,0.541,0.141,0.242,0.727,0,2019
1610612739,Cleveland Cavaliers,0.232,106.8,116.8,-10,97.37,0.503,0.54,0.138,0.282,0.732,0,2019
1610612742,Dallas Mavericks,0.402,108.7,110.1,-1.5,99.6,0.519,0.555,0.142,0.273,0.734,0,2019
1610612743,Denver Nuggets,0.659,112.1,108.1,4,98.49,0.527,0.558,0.136,0.308,0.744,0,2019
1610612765,Detroit Pistons,0.5,108.4,108.7,-0.3,97.88,0.509,0.544,0.14,0.291,0.745,0,2019
1610612744,Golden State Warriors,0.695,115,108.6,6.5,101.74,0.565,0.596,0.139,0.257,0.727,0,2019
1610612745,Houston Rockets,0.646,114.9,110.1,4.8,98.39,0.542,0.581,0.135,0.269,0.7,0,2019
1610612754,Indiana Pacers,0.585,109.4,106,3.4,98.64,0.53,0.561,0.139,0.269,0.722,0,2019
1610612746,LA Clippers,0.585,111.4,110.4,1,102.66,0.529,0.575,0.141,0.263,0.722,0,2019
1610612747,Los Angeles Lakers,0.451,107.4,108.9,-1.6,103.6,0.527,0.554,0.15,0.27,0.725,0,2019
1610612763,Memphis Grizzlies,0.402,105.6,108,-2.4,97.15,0.508,0.548,0.143,0.247,0.724,0,2019
1610612748,Miami Heat,0.476,106.7,107.1,-0.4,98.73,0.515,0.542,0.149,0.291,0.731,0,2019
1610612749,Milwaukee Bucks,0.732,113.5,104.9,8.6,103.57,0.55,0.583,0.133,0.25,0.757,0,2019
1610612750,Minnesota Timberwolves,0.439,110.6,112.2,-1.6,100.88,0.511,0.552,0.129,0.292,0.709,0,2019
1610612740,New Orleans Pelicans,0.402,110.7,112,-1.3,103.89,0.529,0.563,0.142,0.285,0.729,0,2019
1610612752,New York Knicks,0.207,104,112.9,-8.9,100.16,0.49,0.529,0.14,0.264,0.717,0,2019
1610612760,Oklahoma City Thunder,0.598,109.8,106.5,3.4,103.38,0.514,0.545,0.134,0.298,0.738,0,2019
1610612753,Orlando Magic,0.512,108.2,107.6,0.6,98.65,0.518,0.55,0.133,0.259,0.754,0,2019
1610612755,Philadelphia 76ers,0.622,111.6,109,2.6,102.59,0.532,0.574,0.144,0.278,0.741,0,2019
1610612756,Phoenix Suns,0.232,105.3,114.2,-8.9,101.15,0.514,0.552,0.153,0.247,0.683,0,2019
1610612757,Portland Trail Blazers,0.646,113.7,109.5,4.2,99.96,0.528,0.568,0.137,0.308,0.739,0,2019
1610612758,Sacramento Kings,0.476,109.6,110.8,-1.2,103.88,0.524,0.554,0.128,0.268,0.713,0,2019
1610612759,San Antonio Spurs,0.585,112.2,110.6,1.6,98.88,0.534,0.572,0.122,0.246,0.744,0,2019
1610612761,Toronto Raptors,0.707,112.6,106.8,5.8,100.51,0.543,0.579,0.138,0.265,0.726,1,2019
1610612762,Utah Jazz,0.61,110.3,105.3,5,100.84,0.538,0.572,0.149,0.275,0.759,0,2019
1610612764,Washington Wizards,0.39,110.2,112.9,-2.7,102.23,0.531,0.567,0.136,0.252,0.706,0,2019
1610612737,Atlanta Hawks,0.299,107,114.4,-7.4,103.28,0.515,0.554,0.155,0.267,0.708,0,2020
1610612738,Boston Celtics,0.667,112.8,106.5,6.3,99.92,0.531,0.57,0.137,0.283,0.731,0,2020
1610612751,Brooklyn Nets,0.486,108.7,109.2,-0.5,101.7,0.52,0.554,0.148,0.28,0.736,0,2020
1610612766,Charlotte Hornets,0.354,105.9,112.8,-7,96.24,0.504,0.539,0.15,0.28,0.706,0,2020
1610612741,Chicago Bulls,0.338,105.8,108.9,-3.1,100.46,0.515,0.547,0.153,0.267,0.719,0,2020
1610612739,Cleveland Cavaliers,0.292,106.9,114.8,-7.9,99.17,0.522,0.553,0.165,0.296,0.738,0,2020
1610612742,Dallas Mavericks,0.573,115.9,111.2,4.8,99.89,0.545,0.581,0.126,0.275,0.74,0,2020
1610612743,Denver Nuggets,0.63,112.6,110.4,2.2,97.64,0.535,0.567,0.139,0.294,0.725,0,2020
1610612765,Detroit Pistons,0.303,108.8,112.3,-3.5,97.86,0.529,0.561,0.155,0.277,0.717,0,2020
1610612744,Golden State Warriors,0.231,104.4,113,-8.6,101.04,0.497,0.54,0.146,0.255,0.722,0,2020
1610612745,Houston Rockets,0.611,112.5,109.8,2.7,104.04,0.537,0.578,0.14,0.249,0.713,0,2020
1610612754,Indiana Pacers,0.616,109.5,107.5,1.9,99.41,0.534,0.565,0.132,0.243,0.718,0,2020
1610612746,LA Clippers,0.681,113.3,106.9,6.3,102.16,0.535,0.577,0.142,0.278,0.737,0,2020
1610612747,Los Angeles Lakers,0.732,111.7,106.1,5.6,101.2,0.542,0.573,0.149,0.283,0.737,1,2020
1610612763,Memphis Grizzlies,0.466,108.7,109.7,-1,103.31,0.528,0.561,0.147,0.271,0.733,0,2020
1610612748,Miami Heat,0.603,111.9,109.3,2.7,98.7,0.547,0.587,0.149,0.257,0.753,0,2020
1610612749,Milwaukee Bucks,0.767,111.9,102.5,9.4,105.51,0.552,0.583,0.142,0.241,0.775,0,2020
1610612750,Minnesota Timberwolves,0.297,107.6,111.6,-4,103.94,0.514,0.551,0.146,0.264,0.731,0,2020
1610612740,New Orleans Pelicans,0.417,110.5,111.8,-1.3,103.89,0.539,0.568,0.156,0.287,0.729,0,2020
1610612752,New York Knicks,0.318,105.9,112.4,-6.5,99.11,0.501,0.531,0.143,0.3,0.742,0,2020
1610612760,Oklahoma City Thunder,0.611,110.1,108.1,2.1,99.42,0.53,0.573,0.137,0.241,0.728,0,2020
1610612753,Orlando Magic,0.452,107.9,109.2,-1.3,98.99,0.506,0.544,0.129,0.267,0.749,0,2020
1610612755,Philadelphia 76ers,0.589,110.7,108.4,2.3,99.59,0.534,0.566,0.142,0.281,0.753,0,2020
1610612756,Phoenix Suns,0.466,111.3,110.8,0.5,101.74,0.532,0.576,0.145,0.261,0.734,0,2020
1610612757,Portland Trail Blazers,0.473,113.2,114.3,-1.1,101.17,0.533,0.57,0.126,0.266,0.712,0,2020
1610612758,Sacramento Kings,0.431,109.5,111.4,-1.9,99.6,0.534,0.566,0.144,0.258,0.736,0,2020
1610612759,San Antonio Spurs,0.451,111.7,112.6,-0.9,101.14,0.531,0.572,0.123,0.233,0.751,0,2020
1610612761,Toronto Raptors,0.736,110.8,104.7,6.1,101.19,0.536,0.574,0.146,0.256,0.721,0,2020
1610612762,Utah Jazz,0.611,111.8,109.3,2.5,99.15,0.549,0.585,0.152,0.261,0.746,0,2020
1610612764,Washington Wizards,0.347,110.2,114.7,-4.5,103.38,0.523,0.562,0.136,0.262,0.712,0,2020
1610612737,Atlanta Hawks,0.569,114.3,112.1,2.2,98.68,0.539,0.581,0.133,0.284,0.742,0,2021
1610612738,Boston Celtics,0.5,113.1,111.8,1.2,98.94,0.543,0.574,0.141,0.289,0.737,0,2021
1610612751,Brooklyn Nets,0.667,117.3,113.1,4.2,100.27,0.575,0.61,0.134,0.252,0.726,0,2021
1610612766,Charlotte Hornets,0.458,110.1,112,-1.9,99,0.532,0.564,0.149,0.276,0.722,0,2021
1610612741,Chicago Bulls,0.431,110.4,111.5,-1.1,99.58,0.547,0.575,0.151,0.267,0.767,0,2021
1610612739,Cleveland Cavaliers,0.306,105.2,113.5,-8.3,97.96,0.508,0.543,0.157,0.28,0.729,0,2021
1610612742,Dallas Mavericks,0.583,114.6,112.3,2.3,97.94,0.55,0.582,0.123,0.253,0.734,0,2021
1610612743,Denver Nuggets,0.653,116.3,111.5,4.8,97.74,0.557,0.588,0.136,0.292,0.751,0,2021
1610612765,Detroit Pistons,0.278,107.6,112.2,-4.5,98.19,0.519,0.556,0.151,0.267,0.725,0,2021
1610612744,Golden State Warriors,0.542,110.5,109.4,1.1,102.81,0.551,0.583,0.146,0.222,0.727,0,2021
1610612745,Houston Rockets,0.236,107,114.4,-7.4,101.69,0.521,0.553,0.145,0.24,0.723,0,2021
1610612754,Indiana Pacers,0.472,111.9,111.9,0.1,102.05,0.542,0.575,0.131,0.247,0.701,0,2021
1610612746,LA Clippers,0.653,116.7,110.6,6.1,97.63,0.564,0.599,0.135,0.27,0.754,0,2021
1610612747,Los Angeles Lakers,0.583,109.8,106.8,2.9,98.85,0.536,0.569,0.152,0.269,0.748,0,2021
1610612763,Memphis Grizzlies,0.528,111.7,110.5,1.2,100.77,0.528,0.56,0.131,0.285,0.736,0,2021
1610612748,Miami Heat,0.556,110.6,110.7,-0.1,97.09,0.546,0.581,0.144,0.24,0.733,0,2021
1610612749,Milwaukee Bucks,0.639,116.5,110.7,5.8,102.85,0.566,0.593,0.134,0.269,0.755,1,2021
1610612750,Minnesota Timberwolves,0.319,109.3,114.5,-5.3,101.96,0.52,0.555,0.139,0.271,0.717,0,2021
1610612740,New Orleans Pelicans,0.431,113,113.3,-0.3,100.54,0.537,0.57,0.144,0.302,0.755,0,2021
1610612752,New York Knicks,0.569,110.2,107.8,2.4,96.32,0.524,0.559,0.133,0.264,0.738,0,2021
1610612760,Oklahoma City Thunder,0.306,102.8,113.4,-10.6,101.61,0.509,0.539,0.158,0.254,0.742,0,2021
1610612753,Orlando Magic,0.292,104.6,113.9,-9.3,99.17,0.49,0.527,0.129,0.252,0.744,0,2021
1610612755,Philadelphia 76ers,0.681,112.5,107,5.5,100.12,0.541,0.579,0.143,0.277,0.737,0,2021
1610612756,Phoenix Suns,0.708,116.3,110.4,5.9,98,0.564,0.597,0.126,0.248,0.741,0,2021
1610612757,Portland Trail Blazers,0.583,117.1,115.3,1.8,98.97,0.54,0.577,0.112,0.273,0.731,0,2021
1610612758,Sacramento Kings,0.431,112.7,116.5,-3.8,100.71,0.549,0.578,0.133,0.253,0.713,0,2021
1610612759,San Antonio Spurs,0.458,110.5,112,-1.5,99.45,0.517,0.554,0.113,0.243,0.733,0,2021
1610612761,Toronto Raptors,0.375,111.6,112,-0.4,99.57,0.529,0.567,0.133,0.256,0.716,0,2021
1610612762,Utah Jazz,0.722,116.5,107.5,9,99.37,0.563,0.597,0.142,0.284,0.757,0,2021
1610612764,Washington Wizards,0.472,110.7,112.3,-1.6,104.67,0.531,0.569,0.137,0.25,0.736,0,2021
1610612737,Atlanta Hawks,0.524,115.4,113.7,1.6,98.67,0.543,0.581,0.12,0.269,0.731,0,2022
1610612738,Boston Celtics,0.622,113.6,106.2,7.4,97.26,0.542,0.578,0.139,0.277,0.725,0,2022
1610612751,Brooklyn Nets,0.537,113.2,112.3,0.9,99.4,0.54,0.576,0.141,0.281,0.704,0,2022
1610612766,Charlotte Hornets,0.524,113.6,113.1,0.5,100.52,0.544,0.572,0.131,0.27,0.706,0,2022
1610612741,Chicago Bulls,0.561,112.7,113.2,-0.5,98.76,0.541,0.579,0.13,0.249,0.735,0,2022
1610612739,Cleveland Cavaliers,0.537,111,108.9,2.1,96.83,0.538,0.571,0.148,0.277,0.724,0,2022
1610612742,Dallas Mavericks,0.634,112.5,109.1,3.5,95.64,0.538,0.572,0.13,0.256,0.733,0,2022
1610612743,Denver Nuggets,0.585,113.8,111.5,2.3,98.41,0.556,0.59,0.146,0.268,0.752,0,2022
1610612765,Detroit Pistons,0.28,105.6,113.3,-7.7,98.81,0.494,0.533,0.143,0.276,0.707,0,2022
1610612744,Golden State Warriors,0.646,112.1,106.6,5.5,98.74,0.552,0.582,0.15,0.269,0.736,1,2022
1610612745,Houston Rockets,0.244,108.1,116.4,-8.3,101.16,0.534,0.565,0.162,0.265,0.71,0,2022
1610612754,Indiana Pacers,0.305,111.9,115.5,-3.6,98.55,0.531,0.564,0.145,0.31,0.725,0,2022
1610612746,LA Clippers,0.512,109.5,109.5,0,98.51,0.531,0.564,0.139,0.254,0.706,0,2022
1610612747,Los Angeles Lakers,0.402,110,112.8,-2.9,100.47,0.537,0.567,0.142,0.256,0.72,0,2022
1610612763,Memphis Grizzlies,0.683,114.3,108.9,5.3,100.52,0.522,0.553,0.13,0.338,0.726,0,2022
1610612748,Miami Heat,0.646,113,108.4,4.5,96.53,0.547,0.584,0.149,0.278,0.735,0,2022
1610612749,Milwaukee Bucks,0.622,114.3,111.1,3.2,100.59,0.546,0.58,0.133,0.269,0.747,0,2022
1610612750,Minnesota Timberwolves,0.561,113.8,111,2.7,101.47,0.539,0.573,0.141,0.284,0.706,0,2022
1610612740,New Orleans Pelicans,0.439,111.2,112,-0.8,98.02,0.517,0.557,0.143,0.306,0.742,0,2022
1610612752,New York Knicks,0.451,109.7,110.2,-0.4,96.42,0.513,0.55,0.137,0.291,0.74,0,2022
1610612760,Oklahoma City Thunder,0.293,103.8,111.7,-8,99.39,0.497,0.53,0.14,0.256,0.727,0,2022
1610612753,Orlando Magic,0.268,103.9,112.1,-8.1,99.71,0.503,0.538,0.144,0.249,0.735,0,2022
1610612755,Philadelphia 76ers,0.622,113,110.2,2.8,96.71,0.534,0.578,0.129,0.246,0.724,0,2022
1610612756,Phoenix Suns,0.78,114.2,106.8,7.5,100.26,0.549,0.581,0.129,0.264,0.728,0,2022
1610612757,Portland Trail Blazers,0.329,107.3,116.3,-9.1,98.74,0.515,0.55,0.146,0.268,0.721,0,2022
1610612758,Sacramento Kings,0.366,109.6,114.8,-5.2,100.1,0.525,0.561,0.14,0.259,0.714,0,2022
1610612759,San Antonio Spurs,0.415,111.9,111.7,0.2,100.51,0.527,0.556,0.126,0.281,0.711,0,2022
1610612761,Toronto Raptors,0.585,112.1,109.9,2.2,96.63,0.51,0.543,0.128,0.325,0.714,0,2022
1610612762,Utah Jazz,0.598,116.2,110,6.2,97.5,0.555,0.589,0.143,0.3,0.738,0,2022
1610612764,Washington Wizards,0.427,110.2,113.6,-3.4,97.8,0.532,0.568,0.133,0.247,0.731,0,2022
1610612737,Atlanta Hawks,0.5,115.5,115.4,0.1,101.56,0.541,0.579,0.126,0.289,0.717,0,2023
1610612738,Boston Celtics,0.695,117.3,110.6,6.7,99.15,0.566,0.6,0.133,0.255,0.746,0,2023
1610612751,Brooklyn Nets,0.549,114.6,113.5,1.1,98.77,0.562,0.598,0.139,0.234,0.689,0,2023
1610612766,Charlotte Hornets,0.329,108.4,114.7,-6.3,101.47,0.516,0.551,0.139,0.276,0.717,0,2023
1610612741,Chicago Bulls,0.488,112.8,111.5,1.3,99.18,0.55,0.587,0.133,0.236,0.736,0,2023
1610612739,Cleveland Cavaliers,0.622,115.5,109.9,5.6,96.27,0.556,0.59,0.137,0.273,0.715,0,2023
1610612742,Dallas Mavericks,0.463,115.9,116.1,-0.2,97.21,0.565,0.599,0.124,0.226,0.717,0,2023
1610612743,Denver Nuggets,0.646,116.8,113.5,3.3,98.74,0.573,0.601,0.147,0.289,0.727,1,2023
1610612765,Detroit Pistons,0.207,109.9,117.8,-7.9,99.88,0.52,0.561,0.15,0.292,0.702,0,2023
1610612744,Golden State Warriors,0.537,115.1,113.4,1.7,102.54,0.571,0.6,0.158,0.277,0.719,0,2023
1610612745,Houston Rockets,0.268,110.5,118.6,-8.1,99.74,0.516,0.554,0.162,0.344,0.729,0,2023
1610612754,Indiana Pacers,0.427,113.8,117.1,-3.3,101.68,0.545,0.581,0.146,0.285,0.685,0,2023
1610612746,LA Clippers,0.537,114,113.6,0.5,98.84,0.551,0.588,0.143,0.273,0.731,0,2023
1610612747,Los Angeles Lakers,0.524,113.9,113.2,0.7,101.92,0.542,0.582,0.137,0.269,0.727,0,2023
1610612763,Memphis Grizzlies,0.622,114.7,110.7,4,101.5,0.54,0.57,0.133,0.302,0.711,0,2023
1610612748,Miami Heat,0.537,112.3,112.8,-0.5,96.76,0.53,0.574,0.138,0.274,0.733,0,2023
1610612749,Milwaukee Bucks,0.707,114.3,110.9,3.4,101.45,0.555,0.583,0.143,0.284,0.745,0,2023
1610612750,Minnesota Timberwolves,0.512,113.3,113.1,0.2,101.55,0.56,0.592,0.15,0.258,0.703,0,2023
1610612740,New Orleans Pelicans,0.512,113.8,112,1.9,99.58,0.543,0.582,0.145,0.29,0.732,0,2023
1610612752,New York Knicks,0.573,117,114.2,2.8,97.75,0.541,0.577,0.131,0.318,0.727,0,2023
1610612760,Oklahoma City Thunder,0.488,114.2,113.2,1,101.94,0.531,0.57,0.127,0.289,0.693,0,2023
1610612753,Orlando Magic,0.415,111.3,113.7,-2.3,99.66,0.532,0.573,0.151,0.281,0.73,0,2023
1610612755,Philadelphia 76ers,0.659,117,112.7,4.4,97.44,0.563,0.608,0.139,0.258,0.721,0,2023
1610612756,Phoenix Suns,0.549,114.5,112.3,2.2,98.83,0.535,0.57,0.136,0.307,0.714,0,2023
1610612757,Portland Trail Blazers,0.402,114,118,-4,99.25,0.549,0.589,0.145,0.264,0.709,0,2023
1610612758,Sacramento Kings,0.585,118.6,116,2.6,100.99,0.572,0.608,0.133,0.265,0.731,0,2023
1610612759,San Antonio Spurs,0.268,109.7,119.6,-9.9,102.07,0.525,0.554,0.148,0.299,0.709,0,2023
1610612761,Toronto Raptors,0.5,114.6,113.1,1.5,97.85,0.517,0.555,0.118,0.316,0.721,0,2023
1610612762,Utah Jazz,0.451,115.3,116,-0.7,101.02,0.547,0.584,0.151,0.308,0.711,0,2023
1610612764,Washington Wizards,0.427,113.7,114.9,-1.2,99.16,0.55,0.585,0.142,0.273,0.724,0,2023
1610612737,Atlanta Hawks,0.439,116.4,118.4,-2,100.84,0.539,0.576,0.133,0.308,0.717,0,2024
1610612738,Boston Celtics,0.78,122.2,110.6,11.7,97.98,0.578,0.609,0.121,0.287,0.726,1,2024
1610612751,Brooklyn Nets,0.39,112.4,115.4,-2.9,97.56,0.531,0.561,0.134,0.289,0.715,0,2024
1610612766,Charlotte Hornets,0.256,108.6,119.2,-10.6,97.81,0.529,0.56,0.14,0.253,0.709,0,2024
1610612741,Chicago Bulls,0.476,114,115.7,-1.7,96.94,0.534,0.568,0.124,0.291,0.717,0,2024
1610612739,Cleveland Cavaliers,0.585,114.7,112.1,2.5,97.62,0.557,0.586,0.138,0.274,0.721,0,2024
1610612742,Dallas Mavericks,0.61,117,114.9,2.1,100.6,0.562,0.592,0.124,0.257,0.711,0,2024
1610612743,Denver Nuggets,0.695,117.8,112.3,5.5,97.43,0.562,0.589,0.13,0.3,0.718,0,2024
1610612765,Detroit Pistons,0.171,109,118,-9,100.45,0.526,0.562,0.151,0.277,0.73,0,2024
1610612744,Golden State Warriors,0.561,116.9,114.5,2.4,99.91,0.557,0.586,0.142,0.315,0.725,0,2024
1610612745,Houston Rockets,0.5,113.7,112.8,0.9,99.59,0.529,0.565,0.127,0.294,0.722,0,2024
1610612754,Indiana Pacers,0.573,120.5,117.6,2.9,102.16,0.578,0.606,0.126,0.284,0.7,0,2024
1610612746,LA Clippers,0.622,117.9,114.6,3.4,97.93,0.561,0.599,0.134,0.283,0.705,0,2024
1610612747,Los Angeles Lakers,0.573,115.4,114.8,0.6,101.38,0.566,0.601,0.137,0.244,0.725,0,2024
1610612763,Memphis Grizzlies,0.329,106.8,113.7,-6.9,98.68,0.509,0.543,0.152,0.287,0.706,0,2024
1610612748,Miami Heat,0.561,113.3,111.5,1.8,96.88,0.538,0.578,0.13,0.261,0.734,0,2024
1610612749,Milwaukee Bucks,0.598,117.6,115,2.6,100.51,0.568,0.601,0.128,0.255,0.731,0,2024
1610612750,Minnesota Timberwolves,0.683,114.6,108.4,6.3,97.79,0.559,0.594,0.144,0.275,0.725,0,2024
1610612740,New Orleans Pelicans,0.598,116.5,111.9,4.6,98.7,0.558,0.591,0.132,0.278,0.725,0,2024
1610612752,New York Knicks,0.61,117.3,112.4,4.9,95.96,0.54,0.574,0.138,0.333,0.729,0,2024
1610612760,Oklahoma City Thunder,0.695,118.3,111,7.3,100.85,0.573,0.608,0.125,0.25,0.698,0,2024
1610612753,Orlando Magic,0.573,112.9,110.8,2.2,97.37,0.541,0.577,0.15,0.297,0.737,0,2024
1610612755,Philadelphia 76ers,0.573,116.2,113,3.1,98.17,0.532,0.574,0.122,0.292,0.701,0,2024
1610612756,Phoenix Suns,0.598,116.8,113.7,3.1,99,0.565,0.603,0.15,0.292,0.714,0,2024
1610612757,Portland Trail Blazers,0.256,107.6,116.6,-9,97.88,0.503,0.539,0.154,0.32,0.697,0,2024
1610612758,Sacramento Kings,0.561,116.2,114.4,1.8,99.46,0.556,0.582,0.131,0.285,0.744,0,2024
1610612759,San Antonio Spurs,0.268,109.3,115.6,-6.4,101.8,0.532,0.563,0.148,0.269,0.721,0,2024
1610612761,Toronto Raptors,0.305,111.8,118.1,-6.3,99.91,0.535,0.566,0.139,0.281,0.694,0,2024
1610612762,Utah Jazz,0.378,114.5,119.6,-5.1,100.26,0.539,0.579,0.155,0.325,0.717,0,2024
1610612764,Washington Wizards,0.183,110.2,118.9,-8.7,103.07,0.538,0.567,0.136,0.24,0.683,0,2024
1610612737,Atlanta Hawks,0.488,113.7,114.8,-1.1,103.41,0.546,0.579,0.149,0.3,0.715,,2025
1610612738,Boston Celtics,0.744,119.5,110.1,9.4,96.59,0.561,0.591,0.122,0.291,0.717,,2025
1610612751,Brooklyn Nets,0.317,108.1,115.4,-7.3,96.73,0.516,0.552,0.156,0.294,0.699,,2025
1610612766,Charlotte Hornets,0.232,106.7,115.7,-9.1,98.22,0.503,0.537,0.157,0.308,0.705,,2025
1610612741,Chicago Bulls,0.476,113.2,114.8,-1.6,103.61,0.553,0.585,0.141,0.26,0.722,,2025
1610612739,Cleveland Cavaliers,0.78,121,111.8,9.2,100.31,0.578,0.607,0.131,0.296,0.7,,2025
1610612742,Dallas Mavericks,0.476,113.7,115,-1.3,100.15,0.549,0.583,0.14,0.271,0.694,,2025
1610612743,Denver Nuggets,0.61,118.9,115.1,3.8,100.67,0.573,0.604,0.14,0.311,0.709,,2025
1610612765,Detroit Pistons,0.537,114.6,112.5,2.1,100.27,0.547,0.58,0.147,0.305,0.714,,2025
1610612744,Golden State Warriors,0.585,114.2,111,3.2,99.37,0.536,0.568,0.141,0.314,0.716,,2025
1610612745,Houston Rockets,0.634,114.9,110.3,4.6,99.03,0.523,0.553,0.14,0.363,0.715,,2025
1610612754,Indiana Pacers,0.61,115.4,113.3,2.1,100.76,0.562,0.594,0.13,0.254,0.705,,2025
1610612746,LA Clippers,0.61,114.3,109.4,4.9,98.24,0.554,0.589,0.151,0.282,0.734,,2025
1610612747,Los Angeles Lakers,0.61,115,113.8,1.2,98.34,0.557,0.593,0.142,0.273,0.702,,2025
1610612763,Memphis Grizzlies,0.585,117.2,112.6,4.7,103.69,0.554,0.588,0.151,0.33,0.702,,2025
1610612748,Miami Heat,0.451,112.4,112,0.4,97.08,0.544,0.576,0.138,0.263,0.724,,2025
1610612749,Milwaukee Bucks,0.585,115.1,112.7,2.4,99.92,0.568,0.598,0.133,0.235,0.725,,2025
1610612750,Minnesota Timberwolves,0.598,115.7,110.8,5,97.95,0.554,0.588,0.146,0.3,0.709,,2025
1610612740,New Orleans Pelicans,0.256,109.7,119.1,-9.4,99.77,0.519,0.552,0.146,0.303,0.682,,2025
1610612752,New York Knicks,0.622,117.3,113.3,4,97.64,0.556,0.589,0.134,0.305,0.71,,2025
1610612760,Oklahoma City Thunder,0.829,119.2,106.6,12.7,100.9,0.56,0.593,0.116,0.281,0.704,,2025
1610612753,Orlando Magic,0.5,108.9,109.1,-0.2,96.51,0.51,0.55,0.147,0.302,0.72,,2025
1610612755,Philadelphia 76ers,0.293,111,117.3,-6.3,98.13,0.527,0.563,0.138,0.279,0.678,,2025
1610612756,Phoenix Suns,0.439,114.7,117.7,-3,98.31,0.561,0.595,0.142,0.264,0.709,,2025
1610612757,Portland Trail Blazers,0.439,111,113.7,-2.7,99.51,0.521,0.555,0.16,0.332,0.682,,2025
1610612758,Sacramento Kings,0.488,115.9,115.3,0.6,98.91,0.548,0.582,0.133,0.294,0.728,,2025
1610612759,San Antonio Spurs,0.415,113.5,116.3,-2.8,100.08,0.544,0.575,0.138,0.278,0.69,,2025
1610612761,Toronto Raptors,0.366,109.6,113.6,-4.1,100.62,0.522,0.553,0.152,0.311,0.696,,2025
1610612762,Utah Jazz,0.207,110.2,119.4,-9.2,100.85,0.533,0.568,0.17,0.311,0.705,,2025
1610612764,Washington Wizards,0.22,105.8,118,-12.2,101.82,0.512,0.546,0.152,0.272,0.685,,2025